model_gene,yali1_s2,yali0,category,n_reactions
YALI1D30866g,YALI1_D30866g,,CLIB89_only,4
YALI1D36215g,YALI1_D36215g,,CLIB89_only,1
YALI1A00309g,YALI1_A00309g,YALI0A00264g,has_YALI0,1
YALI1A00538g,YALI1_A00538g,YALI0A00418g,has_YALI0,1
YALI1A00661g,YALI1_A00661g,YALI0A00528g,has_YALI0,3
YALI1A01577g,YALI1_A01577g,YALI0A01111g,has_YALI0,1
YALI1A01602g,YALI1_A01602g,YALI0A01133g,has_YALI0,1
YALI1A02198g,YALI1_A02198g,YALI0A01870g,has_YALI0,1
YALI1A02335g,YALI1_A02335g,YALI0A01958g,has_YALI0,1
YALI1A02653g,YALI1_A02653g,YALI0A02244g,has_YALI0,1
YALI1A02775g,YALI1_A02775g,YALI0A02310g,has_YALI0,1
YALI1A02974g,YALI1_A02974g,YALI0A02453g,has_YALI0,2
YALI1A03069g,YALI1_A03069g,YALI0A02541g,has_YALI0,4
YALI1A03210g,YALI1_A03210g,YALI0A02717g,has_YALI0,1
YALI1A03322g,YALI1_A03322g,YALI0A02915g,has_YALI0,1
YALI1A03512g,YALI1_A03512g,YALI0A03135g,has_YALI0,3
YALI1A04817g,YALI1_A04817g,YALI0A04675g,has_YALI0,4
YALI1A05116g,YALI1_A05116g,YALI0A04983g,has_YALI0,7
YALI1A05459g,YALI1_A05459g,YALI0A05379g,has_YALI0,1
YALI1A06229g,YALI1_A06229g,YALI0A06589g,has_YALI0,1
YALI1A06361g,YALI1_A06361g,YALI0A06655g,has_YALI0,11
YALI1A06453g,YALI1_A06453g,YALI0A06787g,has_YALI0,7
YALI1A06640g,YALI1_A06640g,YALI0A06974g,has_YALI0,1
YALI1A06873g,YALI1_A06873g,YALI0A07142g,has_YALI0,1
YALI1A07014g,YALI1_A07014g,YALI0A07447g,has_YALI0,3
YALI1A07103g,YALI1_A07103g,YALI0A07579g,has_YALI0,3
YALI1A07575g,YALI1_A07575g,YALI0A08041g,has_YALI0,5
YALI1A07887g,YALI1_A07887g,YALI0A08217g,has_YALI0,7
YALI1A08512g,YALI1_A08512g,YALI0A08668g,has_YALI0,1
YALI1A08546g,YALI1_A08546g,YALI0A08734g,has_YALI0,1
YALI1A08672g,YALI1_A08672g,YALI0A08998g,has_YALI0,2
YALI1A08781g,YALI1_A08781g,YALI0A09042g,has_YALI0,5
YALI1A09121g,YALI1_A09121g,YALI0A09427g,has_YALI0,2
YALI1A09408g,YALI1_A09408g,YALI0A09636g,has_YALI0,1
YALI1A09553g,YALI1_A09553g,YALI0A09768g,has_YALI0,1
YALI1A09694g,YALI1_A09694g,YALI0A09856g,has_YALI0,5
YALI1A09766g,YALI1_A09766g,YALI0A09900g,has_YALI0,2
YALI1A09911g,YALI1_A09911g,YALI0A10032g,has_YALI0,2
YALI1A09939g,YALI1_A09939g,YALI0A10076g,has_YALI0,1
YALI1A10254g,YALI1_A10254g,YALI0A10310g,has_YALI0,1
YALI1A10708g,YALI1_A10708g,YALI0A10659g,has_YALI0,1
YALI1A11258g,YALI1_A11258g,YALI0A11143g,has_YALI0,2
YALI1A11654g,YALI1_A11654g,YALI0A11605g,has_YALI0,3
YALI1A12284g,YALI1_A12284g,YALI0A12045g,has_YALI0,1
YALI1A12540g,YALI1_A12540g,YALI0A12353g,has_YALI0,1
YALI1A12688g,YALI1_A12688g,YALI0A12573g,has_YALI0,3
YALI1A13454g,YALI1_A13454g,YALI0A13387g,has_YALI0,1
YALI1A13994g,YALI1_A13994g,YALI0A14157g,has_YALI0,1
YALI1A14024g,YALI1_A14024g,YALI0A14212g,has_YALI0,1
YALI1A14287g,YALI1_A14287g,YALI0A14498g,has_YALI0,1
YALI1A14721g,YALI1_A14721g,YALI0A14784g,has_YALI0,1
YALI1A14736g,YALI1_A14736g,YALI0A14806g,has_YALI0,1
YALI1A15132g,YALI1_A15132g,YALI0A15125g,has_YALI0,1
YALI1A15227g,YALI1_A15227g,YALI0A15147g,has_YALI0,11
YALI1A15624g,YALI1_A15624g,YALI0A15576g,has_YALI0,6
YALI1A15863g,YALI1_A15863g,YALI0A15906g,has_YALI0,3
YALI1A15879g,YALI1_A15879g,YALI0A15950g,has_YALI0,3
YALI1A15925g,YALI1_A15925g,YALI0A15972g,has_YALI0,1
YALI1A16292g,YALI1_A16292g,YALI0A16379g,has_YALI0,9
YALI1A16642g,YALI1_A16642g,YALI0A16698g,has_YALI0,1
YALI1A16988g,YALI1_A16988g,YALI0A16863g,has_YALI0,1
YALI1A17289g,YALI1_A17289g,YALI0A17171g,has_YALI0,1
YALI1A17570g,YALI1_A17570g,YALI0A17468g,has_YALI0,1
YALI1A17640g,YALI1_A17640g,YALI0A17534g,has_YALI0,3
YALI1A18062g,YALI1_A18062g,YALI0A17875g,has_YALI0,6
YALI1A18344g,YALI1_A18344g,YALI0A18062g,has_YALI0,1
YALI1A18514g,YALI1_A18514g,YALI0A18183g,has_YALI0,2
YALI1A19526g,YALI1_A19526g,YALI0A18656g,has_YALI0,2
YALI1A19862g,YALI1_A19862g,YALI0A18920g,has_YALI0,3
YALI1A20063g,YALI1_A20063g,YALI0A19074g,has_YALI0,1
YALI1A20089g,YALI1_A20089g,YALI0A19096g,has_YALI0,5
YALI1A20176g,YALI1_A20176g,YALI0A19206g,has_YALI0,1
YALI1A20201g,YALI1_A20201g,YALI0A19228g,has_YALI0,1
YALI1A20528g,YALI1_A20528g,YALI0A19558g,has_YALI0,3
YALI1A20558g,YALI1_A20558g,YALI0A19580g,has_YALI0,1
YALI1A21000g,YALI1_A21000g,YALI0A19910g,has_YALI0,3
YALI1A21156g,YALI1_A21156g,YALI0A20108g,has_YALI0,2
YALI1A21372g,YALI1_A21372g,YALI0A20350g,has_YALI0,2
YALI1A21711g,YALI1_A21711g,YALI0A20680g,has_YALI0,3
YALI1A21970g,YALI1_A21970g,YALI0A20922g,has_YALI0,1
YALI1A22129g,YALI1_A22129g,YALI0A21153g,has_YALI0,1
YALI1A22228g,YALI1_A22228g,YALI0A21263g,has_YALI0,1
YALI1A22275g,YALI1_A22275g,YALI0A21307g,has_YALI0,1
YALI1A22440g,YALI1_A22440g,YALI0A21417g,has_YALI0,2
YALI1B00214g,YALI1_B00214g,YALI0B00220g,has_YALI0,2
YALI1B00357g,YALI1_B00357g,YALI0B00396g,has_YALI0,1
YALI1B00578g,YALI1_B00578g,YALI0B00572g,has_YALI0,1
YALI1B00908g,YALI1_B00908g,YALI0B00792g,has_YALI0,3
YALI1B01084g,YALI1_B01084g,YALI0B00726g,has_YALI0,2
YALI1B01136g,YALI1_B01136g,YALI0B00704g,has_YALI0,1
YALI1B01428g,YALI1_B01428g,YALI0B00836g,has_YALI0,1
YALI1B02194g,YALI1_B02194g,YALI0B01298g,has_YALI0,14
YALI1B02283g,YALI1_B02283g,YALI0B01342g,has_YALI0,1
YALI1B02345g,YALI1_B02345g,YALI0B01364g,has_YALI0,2
YALI1B02487g,YALI1_B02487g,YALI0B01540g,has_YALI0,1
YALI1B02637g,YALI1_B02637g,YALI0B01672g,has_YALI0,1
YALI1B02733g,YALI1_B02733g,YALI0B01771g,has_YALI0,9
YALI1B02806g,YALI1_B02806g,YALI0B01826g,has_YALI0,2
YALI1B02833g,YALI1_B02833g,YALI0B01848g,has_YALI0,2
YALI1B03198g,YALI1_B03198g,YALI0B02178g,has_YALI0,9
YALI1B03314g,YALI1_B03314g,YALI0B02222g,has_YALI0,1
YALI1B03719g,YALI1_B03719g,YALI0B02376g,has_YALI0,2
YALI1B03910g,YALI1_B03910g,YALI0B02544g,has_YALI0,7
YALI1B04138g,YALI1_B04138g,YALI0B02728g,has_YALI0,2
YALI1B04309g,YALI1_B04309g,YALI0B02852g,has_YALI0,1
YALI1B04433g,YALI1_B04433g,YALI0B02948g,has_YALI0,2
YALI1B04589g,YALI1_B04589g,YALI0B03124g,has_YALI0,3
YALI1B04831g,YALI1_B04831g,YALI0B03344g,has_YALI0,2
YALI1B05024g,YALI1_B05024g,YALI0B03564g,has_YALI0,1
YALI1B05072g,YALI1_B05072g,YALI0B03630g,has_YALI0,8
YALI1B05364g,YALI1_B05364g,YALI0B03982g,has_YALI0,1
YALI1B05571g,YALI1_B05571g,YALI0B04180g,has_YALI0,1
YALI1B05609g,YALI1_B05609g,YALI0B04202g,has_YALI0,2
YALI1B05798g,YALI1_B05798g,YALI0B04312g,has_YALI0,1
YALI1B07094g,YALI1_B07094g,YALI0B05126g,has_YALI0,1
YALI1B07366g,YALI1_B07366g,YALI0B05368g,has_YALI0,2
YALI1B07538g,YALI1_B07538g,YALI0B05500g,has_YALI0,2
YALI1B07957g,YALI1_B07957g,YALI0B05918g,has_YALI0,1
YALI1B08123g,YALI1_B08123g,YALI0B06006g,has_YALI0,1
YALI1B08461g,YALI1_B08461g,YALI0B06391g,has_YALI0,1
YALI1B08885g,YALI1_B08885g,YALI0B06831g,has_YALI0,1
YALI1B09025g,YALI1_B09025g,YALI0B06941g,has_YALI0,1
YALI1B09211g,YALI1_B09211g,YALI0B07117g,has_YALI0,3
YALI1B09367g,YALI1_B09367g,YALI0B07359g,has_YALI0,3
YALI1B09592g,YALI1_B09592g,YALI0B07447g,has_YALI0,2
YALI1B10130g,YALI1_B10130g,YALI0B07667g,has_YALI0,1
YALI1B10635g,YALI1_B10635g,YALI0B08140g,has_YALI0,1
YALI1B10813g,YALI1_B10813g,YALI0B08184g,has_YALI0,1
YALI1B11402g,YALI1_B11402g,YALI0B08404g,has_YALI0,1
YALI1B11448g,YALI1_B11448g,YALI0B08448g,has_YALI0,3
YALI1B11532g,YALI1_B11532g,YALI0B08536g,has_YALI0,1
YALI1B12010g,YALI1_B12010g,YALI0B08943g,has_YALI0,1
YALI1B12042g,YALI1_B12042g,YALI0B08965g,has_YALI0,1
YALI1B12489g,YALI1_B12489g,YALI0B09361g,has_YALI0,1
YALI1B12742g,YALI1_B12742g,YALI0B09515g,has_YALI0,1
YALI1B12781g,YALI1_B12781g,YALI0B09537g,has_YALI0,7
YALI1B12966g,YALI1_B12966g,YALI0B09625g,has_YALI0,1
YALI1B12993g,YALI1_B12993g,YALI0B09647g,has_YALI0,4
YALI1B13179g,YALI1_B13179g,YALI0B09845g,has_YALI0,1
YALI1B13948g,YALI1_B13948g,YALI0B10340g,has_YALI0,2
YALI1B14044g,YALI1_B14044g,YALI0B10406g,has_YALI0,11
YALI1B14382g,YALI1_B14382g,YALI0B10736g,has_YALI0,1
YALI1B14733g,YALI1_B14733g,YALI0B11044g,has_YALI0,2
YALI1B14826g,YALI1_B14826g,YALI0B11154g,has_YALI0,2
YALI1B14978g,YALI1_B14978g,YALI0B11286g,has_YALI0,4
YALI1B15015g,YALI1_B15015g,YALI0B11330g,has_YALI0,1
YALI1B15180g,YALI1_B15180g,YALI0B11440g,has_YALI0,1
YALI1B15440g,YALI1_B15440g,YALI0B11616g,has_YALI0,1
YALI1B15733g,YALI1_B15733g,YALI0B11913g,has_YALI0,1
YALI1B15928g,YALI1_B15928g,YALI0B12078g,has_YALI0,1
YALI1B17155g,YALI1_B17155g,YALI0B12980g,has_YALI0,4
YALI1B17838g,YALI1_B17838g,YALI0B13398g,has_YALI0,1
YALI1B17871g,YALI1_B17871g,YALI0B13420g,has_YALI0,2
YALI1B17927g,YALI1_B17927g,YALI0B13464g,has_YALI0,4
YALI1B18012g,YALI1_B18012g,YALI0B13552g,has_YALI0,0
YALI1B18292g,YALI1_B18292g,YALI0B13794g,has_YALI0,1
YALI1B18311g,YALI1_B18311g,YALI0B13816g,has_YALI0,3
YALI1B18499g,YALI1_B18499g,YALI0B13970g,has_YALI0,1
YALI1B18572g,YALI1_B18572g,YALI0B14014g,has_YALI0,6
YALI1B18845g,YALI1_B18845g,YALI0B14289g,has_YALI0,1
YALI1B18955g,YALI1_B18955g,YALI0B14399g,has_YALI0,2
YALI1B19021g,YALI1_B19021g,YALI0B14465g,has_YALI0,1
YALI1B19079g,YALI1_B19079g,YALI0B14509g,has_YALI0,1
YALI1B19107g,YALI1_B19107g,YALI0B14531g,has_YALI0,6
YALI1B19217g,YALI1_B19217g,YALI0B14619g,has_YALI0,3
YALI1B19348g,YALI1_B19348g,YALI0B14729g,has_YALI0,2
YALI1B19490g,YALI1_B19490g,YALI0B14839g,has_YALI0,1
YALI1B19507g,YALI1_B19507g,YALI0B14861g,has_YALI0,3
YALI1B19576g,YALI1_B19576g,YALI0B14927g,has_YALI0,2
YALI1B19844g,YALI1_B19844g,YALI0B15059g,has_YALI0,12
YALI1B19932g,YALI1_B19932g,YALI0B15125g,has_YALI0,1
YALI1B20108g,YALI1_B20108g,YALI0B15268g,has_YALI0,1
YALI1B20153g,YALI1_B20153g,YALI0B15304g,has_YALI0,1
YALI1B20289g,YALI1_B20289g,YALI0B15444g,has_YALI0,1
YALI1B20462g,YALI1_B20462g,YALI0B15598g,has_YALI0,1
YALI1B20527g,YALI1_B20527g,YALI0B15664g,has_YALI0,5
YALI1B20835g,YALI1_B20835g,YALI0B15884g,has_YALI0,5
YALI1B21004g,YALI1_B21004g,YALI0B16038g,has_YALI0,4
YALI1B21070g,YALI1_B21070g,YALI0B16104g,has_YALI0,1
YALI1B21088g,YALI1_B21088g,YALI0B16126g,has_YALI0,2
YALI1B21134g,YALI1_B21134g,YALI0B16192g,has_YALI0,1
YALI1B21155g,YALI1_B21155g,YALI0B16214g,has_YALI0,1
YALI1B21313g,YALI1_B21313g,YALI0B16324g,has_YALI0,1
YALI1B21356g,YALI1_B21356g,YALI0B16390g,has_YALI0,1
YALI1B21538g,YALI1_B21538g,YALI0B16522g,has_YALI0,24
YALI1B21618g,YALI1_B21618g,YALI0B16588g,has_YALI0,1
YALI1B22321g,YALI1_B22321g,YALI0B17138g,has_YALI0,2
YALI1B22375g,YALI1_B22375g,YALI0B17204g,has_YALI0,1
YALI1B22549g,YALI1_B22549g,YALI0B17336g,has_YALI0,1
YALI1B22614g,YALI1_B22614g,YALI0B17402g,has_YALI0,2
YALI1B22820g,YALI1_B22820g,YALI0B17644g,has_YALI0,2
YALI1B22853g,YALI1_B22853g,YALI0B17666g,has_YALI0,2
YALI1B22883g,YALI1_B22883g,YALI0B17688g,has_YALI0,1
YALI1B23017g,YALI1_B23017g,YALI0B17776g,has_YALI0,3
YALI1B23153g,YALI1_B23153g,YALI0B17864g,has_YALI0,1
YALI1B23237g,YALI1_B23237g,YALI0B17930g,has_YALI0,1
YALI1B23300g,YALI1_B23300g,YALI0B17996g,has_YALI0,1
YALI1B23834g,YALI1_B23834g,YALI0B18348g,has_YALI0,1
YALI1B24424g,YALI1_B24424g,YALI0B18759g,has_YALI0,2
YALI1B24638g,YALI1_B24638g,YALI0B18898g,has_YALI0,1
YALI1B25360g,YALI1_B25360g,YALI0B19338g,has_YALI0,5
YALI1B25395g,YALI1_B25395g,YALI0B19360g,has_YALI0,1
YALI1B25427g,YALI1_B25427g,YALI0B19382g,has_YALI0,12
YALI1B25506g,YALI1_B25506g,YALI0B19470g,has_YALI0,4
YALI1B25553g,YALI1_B25553g,YALI0B19492g,has_YALI0,23
YALI1B25906g,YALI1_B25906g,YALI0B19800g,has_YALI0,24
YALI1B26033g,YALI1_B26033g,YALI0B19976g,has_YALI0,1
YALI1B26112g,YALI1_B26112g,YALI0B19998g,has_YALI0,1
YALI1B26153g,YALI1_B26153g,YALI0B20020g,has_YALI0,2
YALI1B26205g,YALI1_B26205g,YALI0B20064g,has_YALI0,2
YALI1B26350g,YALI1_B26350g,YALI0B20196g,has_YALI0,7
YALI1B26679g,YALI1_B26679g,YALI0B20372g,has_YALI0,3
YALI1B26749g,YALI1_B26749g,YALI0B20438g,has_YALI0,1
YALI1B27564g,YALI1_B27564g,YALI0B21142g,has_YALI0,4
YALI1B27645g,YALI1_B27645g,YALI0B21230g,has_YALI0,1
YALI1B27874g,YALI1_B27874g,YALI0B21428g,has_YALI0,1
YALI1B28025g,YALI1_B28025g,YALI0B21527g,has_YALI0,1
YALI1B28349g,YALI1_B28349g,YALI0B21670g,has_YALI0,1
YALI1B28394g,YALI1_B28394g,YALI0B21780g,has_YALI0,3
YALI1B28454g,YALI1_B28454g,YALI0B21846g,has_YALI0,1
YALI1B28659g,YALI1_B28659g,YALI0B22066g,has_YALI0,1
YALI1B29133g,YALI1_B29133g,YALI0B22308g,has_YALI0,4
YALI1B29243g,YALI1_B29243g,YALI0B22440g,has_YALI0,1
YALI1B29419g,YALI1_B29419g,YALI0B22506g,has_YALI0,1
YALI1B29483g,YALI1_B29483g,YALI0B22550g,has_YALI0,1
YALI1B29562g,YALI1_B29562g,YALI0B22682g,has_YALI0,1
YALI1B29867g,YALI1_B29867g,YALI0B22902g,has_YALI0,2
YALI1B29883g,YALI1_B29883g,YALI0B22924g,has_YALI0,5
YALI1B30090g,YALI1_B30090g,YALI0B23188g,has_YALI0,2
YALI1B30181g,YALI1_B30181g,YALI0B23298g,has_YALI0,1
YALI1B30275g,YALI1_B30275g,YALI0B23430g,has_YALI0,3
YALI1C00230g,YALI1_C00230g,YALI0C00209g,has_YALI0,4
YALI1C00293g,YALI1_C00293g,YALI0C00253g,has_YALI0,3
YALI1C00464g,YALI1_C00464g,YALI0C00407g,has_YALI0,1
YALI1C00550g,YALI1_C00550g,YALI0C00451g,has_YALI0,10
YALI1C00694g,YALI1_C00694g,YALI0C00495g,has_YALI0,3
YALI1C00826g,YALI1_C00826g,YALI0C00627g,has_YALI0,1
YALI1C00999g,YALI1_C00999g,YALI0C00759g,has_YALI0,1
YALI1C01129g,YALI1_C01129g,YALI0C00847g,has_YALI0,3
YALI1C01520g,YALI1_C01520g,YALI0C01111g,has_YALI0,1
YALI1C01944g,YALI1_C01944g,YALI0C01411g,has_YALI0,1
YALI1C01965g,YALI1_C01965g,YALI0C01419g,has_YALI0,1
YALI1C02391g,YALI1_C02391g,YALI0C01716g,has_YALI0,1
YALI1C02550g,YALI1_C02550g,YALI0C01859g,has_YALI0,3
YALI1C03415g,YALI1_C03415g,YALI0C02431g,has_YALI0,1
YALI1C03848g,YALI1_C03848g,YALI0C02783g,has_YALI0,1
YALI1C04067g,YALI1_C04067g,YALI0C03003g,has_YALI0,2
YALI1C04093g,YALI1_C04093g,YALI0C03025g,has_YALI0,14
YALI1C04265g,YALI1_C04265g,YALI0C03179g,has_YALI0,1
YALI1C04281g,YALI1_C04281g,YALI0C03201g,has_YALI0,3
YALI1C04798g,YALI1_C04798g,YALI0C03608g,has_YALI0,3
YALI1C04882g,YALI1_C04882g,YALI0C03674g,has_YALI0,1
YALI1C05386g,YALI1_C05386g,YALI0C04092g,has_YALI0,10
YALI1C05570g,YALI1_C05570g,YALI0C04180g,has_YALI0,2
YALI1C05908g,YALI1_C05908g,YALI0C04433g,has_YALI0,1
YALI1C05972g,YALI1_C05972g,YALI0C04477g,has_YALI0,3
YALI1C06006g,YALI1_C06006g,YALI0C04499g,has_YALI0,3
YALI1C06222g,YALI1_C06222g,YALI0C04730g,has_YALI0,2
YALI1C06626g,YALI1_C06626g,YALI0C05170g,has_YALI0,1
YALI1C06681g,YALI1_C06681g,YALI0C05258g,has_YALI0,3
YALI1C06951g,YALI1_C06951g,YALI0C05467g,has_YALI0,2
YALI1C07360g,YALI1_C07360g,YALI0C05709g,has_YALI0,1
YALI1C07423g,YALI1_C07423g,YALI0C05753g,has_YALI0,1
YALI1C07638g,YALI1_C07638g,YALI0C05951g,has_YALI0,3
YALI1C07816g,YALI1_C07816g,YALI0C06083g,has_YALI0,1
YALI1C08017g,YALI1_C08017g,YALI0C06171g,has_YALI0,1
YALI1C08173g,YALI1_C08173g,YALI0C06281g,has_YALI0,1
YALI1C08197g,YALI1_C08197g,YALI0C06303g,has_YALI0,1
YALI1C08262g,YALI1_C08262g,YALI0C06369g,has_YALI0,1
YALI1C08523g,YALI1_C08523g,YALI0C06424g,has_YALI0,1
YALI1C08548g,YALI1_C08548g,YALI0C06446g,has_YALI0,1
YALI1C08702g,YALI1_C08702g,YALI0C06490g,has_YALI0,1
YALI1C09033g,YALI1_C09033g,YALI0C06776g,has_YALI0,2
YALI1C09072g,YALI1_C09072g,YALI0C06798g,has_YALI0,1
YALI1C09285g,YALI1_C09285g,YALI0C06930g,has_YALI0,3
YALI1C09308g,YALI1_C09308g,YALI0C06952g,has_YALI0,2
YALI1C09380g,YALI1_C09380g,YALI0C06996g,has_YALI0,1
YALI1C09467g,YALI1_C09467g,YALI0C07128g,has_YALI0,1
YALI1C09773g,YALI1_C09773g,YALI0C07414g,has_YALI0,2
YALI1C10232g,YALI1_C10232g,YALI0C07678g,has_YALI0,3
YALI1C10293g,YALI1_C10293g,YALI0C07722g,has_YALI0,3
YALI1C10762g,YALI1_C10762g,YALI0C08074g,has_YALI0,1
YALI1C11773g,YALI1_C11773g,YALI0C08569g,has_YALI0,1
YALI1C12024g,YALI1_C12024g,YALI0C08811g,has_YALI0,1
YALI1C12220g,YALI1_C12220g,YALI0C08943g,has_YALI0,1
YALI1C12619g,YALI1_C12619g,YALI0C09119g,has_YALI0,3
YALI1C13355g,YALI1_C13355g,YALI0C09636g,has_YALI0,2
YALI1C13768g,YALI1_C13768g,YALI0C09889g,has_YALI0,24
YALI1C15048g,YALI1_C15048g,YALI0C10670g,has_YALI0,3
YALI1C15180g,YALI1_C15180g,YALI0C10780g,has_YALI0,1
YALI1C15297g,YALI1_C15297g,YALI0C10901g,has_YALI0,1
YALI1C15420g,YALI1_C15420g,YALI0C10989g,has_YALI0,2
YALI1C15526g,YALI1_C15526g,YALI0C11099g,has_YALI0,1
YALI1C15945g,YALI1_C15945g,YALI0C11363g,has_YALI0,3
YALI1C15991g,YALI1_C15991g,YALI0C11407g,has_YALI0,3
YALI1C16485g,YALI1_C16485g,YALI0C11803g,has_YALI0,2
YALI1C16621g,YALI1_C16621g,YALI0C11880g,has_YALI0,1
YALI1C16932g,YALI1_C16932g,YALI0C12056g,has_YALI0,1
YALI1C17100g,YALI1_C17100g,YALI0C12210g,has_YALI0,1
YALI1C17932g,YALI1_C17932g,YALI0C12749g,has_YALI0,1
YALI1C17947g,YALI1_C17947g,YALI0C12771g,has_YALI0,4
YALI1C18258g,YALI1_C18258g,YALI0C13090g,has_YALI0,1
YALI1C18590g,YALI1_C18590g,YALI0C13354g,has_YALI0,1
YALI1C18771g,YALI1_C18771g,YALI0C13508g,has_YALI0,3
YALI1C18872g,YALI1_C18872g,YALI0C13574g,has_YALI0,1
YALI1C19814g,YALI1_C19814g,YALI0C14036g,has_YALI0,1
YALI1C19943g,YALI1_C19943g,YALI0C14190g,has_YALI0,1
YALI1C20054g,YALI1_C20054g,YALI0C14344g,has_YALI0,1
YALI1C20198g,YALI1_C20198g,YALI0C14498g,has_YALI0,1
YALI1C20224g,YALI1_C20224g,YALI0C14520g,has_YALI0,1
YALI1C21487g,YALI1_C21487g,YALI0C15224g,has_YALI0,1
YALI1C21946g,YALI1_C21946g,YALI0C15488g,has_YALI0,4
YALI1C22186g,YALI1_C22186g,YALI0C15554g,has_YALI0,2
YALI1C22751g,YALI1_C22751g,YALI0C15807g,has_YALI0,2
YALI1C23511g,YALI1_C23511g,YALI0C16434g,has_YALI0,3
YALI1C23601g,YALI1_C23601g,YALI0C16522g,has_YALI0,2
YALI1C23902g,YALI1_C23902g,YALI0C16753g,has_YALI0,1
YALI1C24124g,YALI1_C24124g,YALI0C16885g,has_YALI0,2
YALI1C24165g,YALI1_C24165g,YALI0C16907g,has_YALI0,1
YALI1C24367g,YALI1_C24367g,YALI0C16995g,has_YALI0,1
YALI1C24488g,YALI1_C24488g,YALI0C17105g,has_YALI0,3
YALI1C24567g,YALI1_C24567g,YALI0C17237g,has_YALI0,23
YALI1C24611g,YALI1_C24611g,YALI0C17281g,has_YALI0,1
YALI1C24647g,YALI1_C24647g,YALI0C17303g,has_YALI0,1
YALI1C25029g,YALI1_C25029g,YALI0C17831g,has_YALI0,1
YALI1C25093g,YALI1_C25093g,YALI0C17941g,has_YALI0,2
YALI1C25190g,YALI1_C25190g,YALI0C18051g,has_YALI0,1
YALI1C25352g,YALI1_C25352g,YALI0C18205g,has_YALI0,5
YALI1C25512g,YALI1_C25512g,YALI0C18315g,has_YALI0,3
YALI1C25598g,YALI1_C25598g,YALI0C18425g,has_YALI0,1
YALI1C25782g,YALI1_C25782g,YALI0C18535g,has_YALI0,1
YALI1C26017g,YALI1_C26017g,YALI0C18755g,has_YALI0,1
YALI1C26036g,YALI1_C26036g,YALI0C18799g,has_YALI0,20
YALI1C26276g,YALI1_C26276g,YALI0C19085g,has_YALI0,1
YALI1C26544g,YALI1_C26544g,YALI0C19195g,has_YALI0,1
YALI1C26939g,YALI1_C26939g,YALI0C19624g,has_YALI0,5
YALI1C27061g,YALI1_C27061g,YALI0C19712g,has_YALI0,11
YALI1C27229g,YALI1_C27229g,YALI0C19866g,has_YALI0,7
YALI1C27933g,YALI1_C27933g,YALI0C19965g,has_YALI0,6
YALI1C28310g,YALI1_C28310g,YALI0C20265g,has_YALI0,7
YALI1C28479g,YALI1_C28479g,YALI0C20405g,has_YALI0,1
YALI1C28497g,YALI1_C28497g,YALI0C20427g,has_YALI0,1
YALI1C28621g,YALI1_C28621g,YALI0C20669g,has_YALI0,2
YALI1C29104g,YALI1_C29104g,YALI0C21065g,has_YALI0,1
YALI1C29538g,YALI1_C29538g,YALI0C21406g,has_YALI0,4
YALI1C29920g,YALI1_C29920g,YALI0C21626g,has_YALI0,1
YALI1C30440g,YALI1_C30440g,YALI0C22088g,has_YALI0,1
YALI1C30514g,YALI1_C30514g,YALI0C22165g,has_YALI0,2
YALI1C31122g,YALI1_C31122g,YALI0C22616g,has_YALI0,1
YALI1C31510g,YALI1_C31510g,YALI0C22792g,has_YALI0,3
YALI1C32031g,YALI1_C32031g,YALI0C23210g,has_YALI0,2
YALI1C32119g,YALI1_C32119g,YALI0C23298g,has_YALI0,1
YALI1C32156g,YALI1_C32156g,YALI0C23342g,has_YALI0,1
YALI1C32184g,YALI1_C32184g,YALI0C23364g,has_YALI0,1
YALI1C32276g,YALI1_C32276g,YALI0C23408g,has_YALI0,2
YALI1C32609g,YALI1_C32609g,YALI0C23617g,has_YALI0,1
YALI1C32810g,YALI1_C32810g,YALI0C23793g,has_YALI0,1
YALI1C32886g,YALI1_C32886g,YALI0C23859g,has_YALI0,13
YALI1C33005g,YALI1_C33005g,YALI0C23969g,has_YALI0,2
YALI1C33152g,YALI1_C33152g,YALI0C24101g,has_YALI0,1
YALI1C33270g,YALI1_C33270g,YALI0C24233g,has_YALI0,1
YALI1C33299g,YALI1_C33299g,YALI0C24255g,has_YALI0,1
YALI1C33406g,YALI1_C33406g,YALI0C24354g,has_YALI0,1
YALI1C353g,YALI1_C353g,YALI0C00319g,has_YALI0,1
YALI1D00094g,YALI1_D00094g,YALI0D00132g,has_YALI0,1
YALI1D00376g,YALI1_D00376g,YALI0D00363g,has_YALI0,1
YALI1D00515g,YALI1_D00515g,YALI0D00495g,has_YALI0,3
YALI1D00581g,YALI1_D00581g,YALI0D00583g,has_YALI0,2
YALI1D00614g,YALI1_D00614g,YALI0D00605g,has_YALI0,3
YALI1D00766g,YALI1_D00766g,YALI0D00737g,has_YALI0,3
YALI1D01188g,YALI1_D01188g,YALI0D01089g,has_YALI0,1
YALI1D01234g,YALI1_D01234g,YALI0D01111g,has_YALI0,2
YALI1D01431g,YALI1_D01431g,YALI0D01265g,has_YALI0,8
YALI1D01489g,YALI1_D01489g,YALI0D01309g,has_YALI0,1
YALI1D02000g,YALI1_D02000g,YALI0D01694g,has_YALI0,2
YALI1D02041g,YALI1_D02041g,YALI0D01738g,has_YALI0,1
YALI1D02416g,YALI1_D02416g,YALI0D02145g,has_YALI0,1
YALI1D02444g,YALI1_D02444g,YALI0D02167g,has_YALI0,6
YALI1D02781g,YALI1_D02781g,YALI0D02321g,has_YALI0,1
YALI1D03047g,YALI1_D03047g,YALI0D02497g,has_YALI0,1
YALI1D03221g,YALI1_D03221g,YALI0D02629g,has_YALI0,2
YALI1D03865g,YALI1_D03865g,YALI0D03069g,has_YALI0,2
YALI1D03952g,YALI1_D03952g,YALI0D03135g,has_YALI0,2
YALI1D04055g,YALI1_D04055g,YALI0D03179g,has_YALI0,1
YALI1D04261g,YALI1_D04261g,YALI0D03333g,has_YALI0,6
YALI1D04432g,YALI1_D04432g,YALI0D03480g,has_YALI0,2
YALI1D04566g,YALI1_D04566g,YALI0D03619g,has_YALI0,1
YALI1D05038g,YALI1_D05038g,YALI0D04026g,has_YALI0,5
YALI1D05111g,YALI1_D05111g,YALI0D04092g,has_YALI0,3
YALI1D05270g,YALI1_D05270g,YALI0D04202g,has_YALI0,1
YALI1D05320g,YALI1_D05320g,YALI0D04246g,has_YALI0,11
YALI1D05440g,YALI1_D05440g,YALI0D04378g,has_YALI0,1
YALI1D05474g,YALI1_D05474g,YALI0D04422g,has_YALI0,4
YALI1D05873g,YALI1_D05873g,YALI0D04741g,has_YALI0,2
YALI1D06302g,YALI1_D06302g,YALI0D04939g,has_YALI0,3
YALI1D06380g,YALI1_D06380g,YALI0D04983g,has_YALI0,3
YALI1D06883g,YALI1_D06883g,YALI0D05335g,has_YALI0,1
YALI1D07089g,YALI1_D07089g,YALI0D05467g,has_YALI0,3
YALI1D07232g,YALI1_D07232g,YALI0D05621g,has_YALI0,3
YALI1D07451g,YALI1_D07451g,YALI0D05797g,has_YALI0,1
YALI1D07486g,YALI1_D07486g,YALI0D05819g,has_YALI0,1
YALI1D07665g,YALI1_D07665g,YALI0D05995g,has_YALI0,4
YALI1D07696g,YALI1_D07696g,YALI0D06017g,has_YALI0,1
YALI1D07981g,YALI1_D07981g,YALI0D06215g,has_YALI0,1
YALI1D08000g,YALI1_D08000g,YALI0D06237g,has_YALI0,6
YALI1D08050g,YALI1_D08050g,YALI0D06281g,has_YALI0,2
YALI1D08082g,YALI1_D08082g,YALI0D06303g,has_YALI0,1
YALI1D08125g,YALI1_D08125g,YALI0D06325g,has_YALI0,1
YALI1D08205g,YALI1_D08205g,YALI0D06413g,has_YALI0,8
YALI1D08339g,YALI1_D08339g,YALI0D06501g,has_YALI0,1
YALI1D08734g,YALI1_D08734g,YALI0D06798g,has_YALI0,1
YALI1D08884g,YALI1_D08884g,YALI0D06930g,has_YALI0,3
YALI1D08946g,YALI1_D08946g,YALI0D06974g,has_YALI0,2
YALI1D09034g,YALI1_D09034g,YALI0D07062g,has_YALI0,1
YALI1D09203g,YALI1_D09203g,YALI0D07216g,has_YALI0,3
YALI1D09420g,YALI1_D09420g,YALI0D07370g,has_YALI0,2
YALI1D09453g,YALI1_D09453g,YALI0D07392g,has_YALI0,3
YALI1D09712g,YALI1_D09712g,YALI0D07535g,has_YALI0,1
YALI1D09870g,YALI1_D09870g,YALI0D07634g,has_YALI0,4
YALI1D10197g,YALI1_D10197g,YALI0D07942g,has_YALI0,10
YALI1D10264g,YALI1_D10264g,YALI0D07986g,has_YALI0,2
YALI1D10495g,YALI1_D10495g,YALI0D08206g,has_YALI0,9
YALI1D10535g,YALI1_D10535g,YALI0D08228g,has_YALI0,1
YALI1D10768g,YALI1_D10768g,YALI0D08382g,has_YALI0,3
YALI1D10930g,YALI1_D10930g,YALI0D08514g,has_YALI0,1
YALI1D11015g,YALI1_D11015g,YALI0D08558g,has_YALI0,1
YALI1D11159g,YALI1_D11159g,YALI0D08690g,has_YALI0,4
YALI1D11686g,YALI1_D11686g,YALI0D09229g,has_YALI0,1
YALI1D11769g,YALI1_D11769g,YALI0D09273g,has_YALI0,6
YALI1D11810g,YALI1_D11810g,YALI0D09295g,has_YALI0,2
YALI1D11984g,YALI1_D11984g,YALI0D09361g,has_YALI0,4
YALI1D12493g,YALI1_D12493g,YALI0D09867g,has_YALI0,1
YALI1D12723g,YALI1_D12723g,YALI0D10043g,has_YALI0,1
YALI1D12832g,YALI1_D12832g,YALI0D10131g,has_YALI0,4
YALI1D13238g,YALI1_D13238g,YALI0D10593g,has_YALI0,1
YALI1D13510g,YALI1_D13510g,YALI0D10813g,has_YALI0,1
YALI1D13963g,YALI1_D13963g,YALI0D11110g,has_YALI0,2
YALI1D14058g,YALI1_D14058g,YALI0D11176g,has_YALI0,1
YALI1D14199g,YALI1_D14199g,YALI0D11330g,has_YALI0,3
YALI1D14260g,YALI1_D14260g,YALI0D11374g,has_YALI0,1
YALI1D14532g,YALI1_D14532g,YALI0D11704g,has_YALI0,1
YALI1D14639g,YALI1_D14639g,YALI0D11814g,has_YALI0,1
YALI1D14670g,YALI1_D14670g,YALI0D11836g,has_YALI0,2
YALI1D15030g,YALI1_D15030g,YALI0D12100g,has_YALI0,1
YALI1D15063g,YALI1_D15063g,YALI0D12122g,has_YALI0,3
YALI1D15398g,YALI1_D15398g,YALI0D12386g,has_YALI0,1
YALI1D15424g,YALI1_D15424g,YALI0D12400g,has_YALI0,1
YALI1D15734g,YALI1_D15734g,YALI0D12584g,has_YALI0,1
YALI1D15848g,YALI1_D15848g,YALI0D12661g,has_YALI0,2
YALI1D16144g,YALI1_D16144g,YALI0D13002g,has_YALI0,1
YALI1D16151g,YALI1_D16151g,YALI0D13024g,has_YALI0,1
YALI1D16290g,YALI1_D16290g,YALI0D13112g,has_YALI0,1
YALI1D16809g,YALI1_D16809g,YALI0D13596g,has_YALI0,1
YALI1D17299g,YALI1_D17299g,YALI0D13970g,has_YALI0,1
YALI1D17462g,YALI1_D17462g,YALI0D14300g,has_YALI0,1
YALI1D17482g,YALI1_D17482g,YALI0D14322g,has_YALI0,4
YALI1D17620g,YALI1_D17620g,YALI0D14476g,has_YALI0,2
YALI1D17983g,YALI1_D17983g,YALI0D14762g,has_YALI0,2
YALI1D18037g,YALI1_D18037g,YALI0D14850g,has_YALI0,14
YALI1D18130g,YALI1_D18130g,YALI0D14894g,has_YALI0,1
YALI1D18577g,YALI1_D18577g,YALI0D15268g,has_YALI0,1
YALI1D18845g,YALI1_D18845g,YALI0D15400g,has_YALI0,1
YALI1D18890g,YALI1_D18890g,YALI0D15422g,has_YALI0,10
YALI1D19108g,YALI1_D19108g,YALI0D15598g,has_YALI0,1
YALI1D19110g,YALI1_D19110g,YALI0D15620g,has_YALI0,1
YALI1D19951g,YALI1_D19951g,YALI0D16137g,has_YALI0,1
YALI1D20061g,YALI1_D20061g,YALI0D16269g,has_YALI0,1
YALI1D20222g,YALI1_D20222g,YALI0D16357g,has_YALI0,2
YALI1D20257g,YALI1_D20257g,YALI0D16379g,has_YALI0,2
YALI1D20359g,YALI1_D20359g,YALI0D16445g,has_YALI0,0
YALI1D20473g,YALI1_D20473g,YALI0D16643g,has_YALI0,1
YALI1D20676g,YALI1_D20676g,YALI0D16753g,has_YALI0,2
YALI1D20706g,YALI1_D20706g,YALI0D16797g,has_YALI0,1
YALI1D21022g,YALI1_D21022g,YALI0D17050g,has_YALI0,2
YALI1D21023g,YALI1_D21023g,YALI0D17072g,has_YALI0,2
YALI1D21408g,YALI1_D21408g,YALI0D17402g,has_YALI0,2
YALI1D21511g,YALI1_D21511g,YALI0D17534g,has_YALI0,3
YALI1D21543g,YALI1_D21543g,YALI0D17556g,has_YALI0,21
YALI1D21631g,YALI1_D21631g,YALI0D17688g,has_YALI0,3
YALI1D22083g,YALI1_D22083g,YALI0D17842g,has_YALI0,1
YALI1D22124g,YALI1_D22124g,YALI0D17864g,has_YALI0,24
YALI1D22237g,YALI1_D22237g,YALI0D17930g,has_YALI0,1
YALI1D22274g,YALI1_D22274g,YALI0D17974g,has_YALI0,3
YALI1D22834g,YALI1_D22834g,YALI0D18271g,has_YALI0,1
YALI1D22906g,YALI1_D22906g,YALI0D18337g,has_YALI0,1
YALI1D22997g,YALI1_D22997g,YALI0D18381g,has_YALI0,1
YALI1D23067g,YALI1_D23067g,YALI0D18403g,has_YALI0,1
YALI1D23128g,YALI1_D23128g,YALI0D18458g,has_YALI0,60
YALI1D23237g,YALI1_D23237g,YALI0D18568g,has_YALI0,1
YALI1D23885g,YALI1_D23885g,YALI0D18876g,has_YALI0,2
YALI1D23995g,YALI1_D23995g,YALI0D18920g,has_YALI0,1
YALI1D24109g,YALI1_D24109g,YALI0D19030g,has_YALI0,3
YALI1D24249g,YALI1_D24249g,YALI0D19140g,has_YALI0,2
YALI1D24333g,YALI1_D24333g,YALI0D19184g,has_YALI0,2
YALI1D24361g,YALI1_D24361g,YALI0D19206g,has_YALI0,1
YALI1D24649g,YALI1_D24649g,YALI0D19426g,has_YALI0,1
YALI1D25037g,YALI1_D25037g,YALI0D19756g,has_YALI0,1
YALI1D25359g,YALI1_D25359g,YALI0D20064g,has_YALI0,3
YALI1D25400g,YALI1_D25400g,YALI0D20108g,has_YALI0,4
YALI1D25450g,YALI1_D25450g,YALI0D20152g,has_YALI0,1
YALI1D25664g,YALI1_D25664g,YALI0D20262g,has_YALI0,6
YALI1D26320g,YALI1_D26320g,YALI0D20724g,has_YALI0,1
YALI1D26360g,YALI1_D26360g,YALI0D20768g,has_YALI0,13
YALI1D26438g,YALI1_D26438g,YALI0D20834g,has_YALI0,3
YALI1D26496g,YALI1_D26496g,YALI0D20878g,has_YALI0,1
YALI1D26610g,YALI1_D26610g,YALI0D21010g,has_YALI0,1
YALI1D26639g,YALI1_D26639g,YALI0D21032g,has_YALI0,2
YALI1D27148g,YALI1_D27148g,YALI0D21530g,has_YALI0,1
YALI1D27274g,YALI1_D27274g,YALI0D21604g,has_YALI0,1
YALI1D27808g,YALI1_D27808g,YALI0D22000g,has_YALI0,3
YALI1D27826g,YALI1_D27826g,YALI0D22022g,has_YALI0,1
YALI1D28087g,YALI1_D28087g,YALI0D22264g,has_YALI0,1
YALI1D28351g,YALI1_D28351g,YALI0D22396g,has_YALI0,1
YALI1D28569g,YALI1_D28569g,YALI0D22484g,has_YALI0,2
YALI1D29419g,YALI1_D29419g,YALI0D22847g,has_YALI0,1
YALI1D29481g,YALI1_D29481g,YALI0D22891g,has_YALI0,1
YALI1D29523g,YALI1_D29523g,YALI0D22913g,has_YALI0,2
YALI1D30196g,YALI1_D30196g,YALI0D23331g,has_YALI0,1
YALI1D30256g,YALI1_D30256g,YALI0D23397g,has_YALI0,1
YALI1D30570g,YALI1_D30570g,YALI0D23639g,has_YALI0,1
YALI1D30618g,YALI1_D30618g,YALI0D23683g,has_YALI0,1
YALI1D31719g,YALI1_D31719g,YALI0D24189g,has_YALI0,1
YALI1D32209g,YALI1_D32209g,YALI0D24409g,has_YALI0,2
YALI1D32268g,YALI1_D32268g,YALI0D24431g,has_YALI0,1
YALI1D32550g,YALI1_D32550g,YALI0D24585g,has_YALI0,3
YALI1D32568g,YALI1_D32568g,YALI0D24607g,has_YALI0,4
YALI1D32594g,YALI1_D32594g,YALI0D24629g,has_YALI0,8
YALI1D32619g,YALI1_D32619g,YALI0D24651g,has_YALI0,3
YALI1D32754g,YALI1_D32754g,YALI0D24750g,has_YALI0,10
YALI1D33380g,YALI1_D33380g,YALI0D25168g,has_YALI0,4
YALI1D33465g,YALI1_D33465g,YALI0D25234g,has_YALI0,1
YALI1D33780g,YALI1_D33780g,YALI0D25476g,has_YALI0,3
YALI1D33889g,YALI1_D33889g,YALI0D25564g,has_YALI0,1
YALI1D33961g,YALI1_D33961g,YALI0D25630g,has_YALI0,9
YALI1D34149g,YALI1_D34149g,YALI0D25828g,has_YALI0,3
YALI1D34288g,YALI1_D34288g,YALI0D25938g,has_YALI0,1
YALI1D34529g,YALI1_D34529g,YALI0D26147g,has_YALI0,3
YALI1D34865g,YALI1_D34865g,YALI0D26367g,has_YALI0,1
YALI1D35593g,YALI1_D35593g,YALI0D27016g,has_YALI0,2
YALI1D35735g,YALI1_D35735g,YALI0D27126g,has_YALI0,2
YALI1D35787g,YALI1_D35787g,YALI0D27170g,has_YALI0,1
YALI1E00574g,YALI1_E00574g,YALI0E00242g,has_YALI0,4
YALI1E00588g,YALI1_E00588g,YALI0E00264g,has_YALI0,14
YALI1E00760g,YALI1_E00760g,YALI0E00418g,has_YALI0,1
YALI1E00907g,YALI1_E00907g,YALI0E00528g,has_YALI0,12
YALI1E01019g,YALI1_E01019g,YALI0E00638g,has_YALI0,3
YALI1E01159g,YALI1_E01159g,YALI0E00770g,has_YALI0,1
YALI1E01235g,YALI1_E01235g,YALI0E00836g,has_YALI0,1
YALI1E01589g,YALI1_E01589g,YALI0E01056g,has_YALI0,6
YALI1E01793g,YALI1_E01793g,YALI0E01254g,has_YALI0,1
YALI1E02413g,YALI1_E02413g,YALI0E01892g,has_YALI0,1
YALI1E02616g,YALI1_E02616g,YALI0E02090g,has_YALI0,2
YALI1E02678g,YALI1_E02678g,YALI0E02156g,has_YALI0,1
YALI1E02832g,YALI1_E02832g,YALI0E02244g,has_YALI0,1
YALI1E02885g,YALI1_E02885g,YALI0E02288g,has_YALI0,1
YALI1E02906g,YALI1_E02906g,YALI0E02310g,has_YALI0,1
YALI1E03039g,YALI1_E03039g,YALI0E02398g,has_YALI0,1
YALI1E03300g,YALI1_E03300g,YALI0E02684g,has_YALI0,3
YALI1E03387g,YALI1_E03387g,YALI0E02728g,has_YALI0,2
YALI1E03623g,YALI1_E03623g,YALI0E03058g,has_YALI0,2
YALI1E03762g,YALI1_E03762g,YALI0E03146g,has_YALI0,2
YALI1E03870g,YALI1_E03870g,YALI0E03212g,has_YALI0,3
YALI1E04744g,YALI1_E04744g,YALI0E03960g,has_YALI0,1
YALI1E04823g,YALI1_E04823g,YALI0E04048g,has_YALI0,1
YALI1E05004g,YALI1_E05004g,YALI0E04169g,has_YALI0,3
YALI1E05074g,YALI1_E05074g,YALI0E04202g,has_YALI0,1
YALI1E05103g,YALI1_E05103g,YALI0E04224g,has_YALI0,2
YALI1E05180g,YALI1_E05180g,YALI0E04312g,has_YALI0,1
YALI1E05701g,YALI1_E05701g,YALI0E04763g,has_YALI0,2
YALI1E05731g,YALI1_E05731g,YALI0E04807g,has_YALI0,1
YALI1E05833g,YALI1_E05833g,YALI0E04939g,has_YALI0,1
YALI1E05907g,YALI1_E05907g,YALI0E05005g,has_YALI0,1
YALI1E05929g,YALI1_E05929g,YALI0E05027g,has_YALI0,1
YALI1E05963g,YALI1_E05963g,YALI0E05049g,has_YALI0,1
YALI1E06015g,YALI1_E06015g,YALI0E05137g,has_YALI0,1
YALI1E06056g,YALI1_E06056g,YALI0E05203g,has_YALI0,1
YALI1E06573g,YALI1_E06573g,YALI0E05599g,has_YALI0,3
YALI1E06759g,YALI1_E06759g,YALI0E05753g,has_YALI0,3
YALI1E07121g,YALI1_E07121g,YALI0E05929g,has_YALI0,1
YALI1E07347g,YALI1_E07347g,YALI0E06061g,has_YALI0,1
YALI1E07506g,YALI1_E07506g,YALI0E06193g,has_YALI0,1
YALI1E07601g,YALI1_E07601g,YALI0E06413g,has_YALI0,2
YALI1E07676g,YALI1_E07676g,YALI0E06457g,has_YALI0,1
YALI1E07744g,YALI1_E07744g,YALI0E06479g,has_YALI0,2
YALI1E07899g,YALI1_E07899g,YALI0E06567g,has_YALI0,1
YALI1E08382g,YALI1_E08382g,YALI0E07073g,has_YALI0,2
YALI1E08530g,YALI1_E08530g,YALI0E07161g,has_YALI0,1
YALI1E08575g,YALI1_E08575g,YALI0E07205g,has_YALI0,3
YALI1E08620g,YALI1_E08620g,YALI0E07271g,has_YALI0,3
YALI1E08937g,YALI1_E08937g,YALI0E07535g,has_YALI0,1
YALI1E09329g,YALI1_E09329g,YALI0E07766g,has_YALI0,9
YALI1E10210g,YALI1_E10210g,YALI0E08360g,has_YALI0,1
YALI1E10364g,YALI1_E10364g,YALI0E08536g,has_YALI0,4
YALI1E10492g,YALI1_E10492g,YALI0E08617g,has_YALI0,2
YALI1E10951g,YALI1_E10951g,YALI0E08969g,has_YALI0,1
YALI1E11255g,YALI1_E11255g,YALI0E09108g,has_YALI0,2
YALI1E11415g,YALI1_E11415g,YALI0E09276g,has_YALI0,1
YALI1E11510g,YALI1_E11510g,YALI0E09306g,has_YALI0,1
YALI1E11768g,YALI1_E11768g,YALI0E09493g,has_YALI0,2
YALI1E11943g,YALI1_E11943g,YALI0E09603g,has_YALI0,1
YALI1E12482g,YALI1_E12482g,YALI0E09933g,has_YALI0,2
YALI1E12730g,YALI1_E12730g,YALI0E10144g,has_YALI0,1
YALI1E12893g,YALI1_E12893g,YALI0E10219g,has_YALI0,23
YALI1E12987g,YALI1_E12987g,YALI0E10307g,has_YALI0,3
YALI1E13223g,YALI1_E13223g,YALI0E10417g,has_YALI0,1
YALI1E13329g,YALI1_E13329g,YALI0E10483g,has_YALI0,3
YALI1E13514g,YALI1_E13514g,YALI0E10637g,has_YALI0,5
YALI1E13899g,YALI1_E13899g,YALI0E11099g,has_YALI0,1
YALI1E14125g,YALI1_E14125g,YALI0E11355g,has_YALI0,2
YALI1E14153g,YALI1_E14153g,YALI0E11385g,has_YALI0,2
YALI1E14316g,YALI1_E14316g,YALI0E11495g,has_YALI0,1
YALI1E14505g,YALI1_E14505g,YALI0E11671g,has_YALI0,1
YALI1E14619g,YALI1_E14619g,YALI0E11847g,has_YALI0,3
YALI1E14709g,YALI1_E14709g,YALI0E11913g,has_YALI0,1
YALI1E14925g,YALI1_E14925g,YALI0E12089g,has_YALI0,1
YALI1E15432g,YALI1_E15432g,YALI0E12441g,has_YALI0,2
YALI1E15452g,YALI1_E15452g,YALI0E12463g,has_YALI0,4
YALI1E15555g,YALI1_E15555g,YALI0E12573g,has_YALI0,1
YALI1E15606g,YALI1_E15606g,YALI0E12628g,has_YALI0,1
YALI1E15659g,YALI1_E15659g,YALI0E12683g,has_YALI0,2
YALI1E15804g,YALI1_E15804g,YALI0E12837g,has_YALI0,1
YALI1E16002g,YALI1_E16002g,YALI0E13057g,has_YALI0,2
YALI1E16068g,YALI1_E16068g,YALI0E13123g,has_YALI0,2
YALI1E16694g,YALI1_E16694g,YALI0E13662g,has_YALI0,1
YALI1E17162g,YALI1_E17162g,YALI0E14102g,has_YALI0,1
YALI1E17214g,YALI1_E17214g,YALI0E14190g,has_YALI0,4
YALI1E17258g,YALI1_E17258g,YALI0E14234g,has_YALI0,1
YALI1E17326g,YALI1_E17326g,YALI0E14256g,has_YALI0,1
YALI1E17355g,YALI1_E17355g,YALI0E14322g,has_YALI0,2
YALI1E17431g,YALI1_E17431g,YALI0E14443g,has_YALI0,2
YALI1E17574g,YALI1_E17574g,YALI0E14597g,has_YALI0,1
YALI1E17616g,YALI1_E17616g,YALI0E14685g,has_YALI0,1
YALI1E17699g,YALI1_E17699g,YALI0E14729g,has_YALI0,4
YALI1E17754g,YALI1_E17754g,YALI0E14751g,has_YALI0,1
YALI1E17935g,YALI1_E17935g,YALI0E14949g,has_YALI0,3
YALI1E18121g,YALI1_E18121g,YALI0E15081g,has_YALI0,1
YALI1E18171g,YALI1_E18171g,YALI0E15125g,has_YALI0,1
YALI1E18242g,YALI1_E18242g,YALI0E15180g,has_YALI0,1
YALI1E18269g,YALI1_E18269g,YALI0E15224g,has_YALI0,5
YALI1E18441g,YALI1_E18441g,YALI0E15378g,has_YALI0,37
YALI1E18480g,YALI1_E18480g,YALI0E15400g,has_YALI0,6
YALI1E18539g,YALI1_E18539g,YALI0E15488g,has_YALI0,2
YALI1E18927g,YALI1_E18927g,YALI0E15708g,has_YALI0,2
YALI1E18961g,YALI1_E18961g,YALI0E15730g,has_YALI0,2
YALI1E19014g,YALI1_E19014g,YALI0E15818g,has_YALI0,6
YALI1E19036g,YALI1_E19036g,YALI0E15840g,has_YALI0,1
YALI1E19172g,YALI1_E19172g,YALI0E16016g,has_YALI0,11
YALI1E19263g,YALI1_E19263g,YALI0E16060g,has_YALI0,9
YALI1E19557g,YALI1_E19557g,YALI0E16346g,has_YALI0,2
YALI1E19603g,YALI1_E19603g,YALI0E16368g,has_YALI0,1
YALI1E19647g,YALI1_E19647g,YALI0E16434g,has_YALI0,20
YALI1E19682g,YALI1_E19682g,YALI0E16478g,has_YALI0,4
YALI1E19852g,YALI1_E19852g,YALI0E16643g,has_YALI0,3
YALI1E19902g,YALI1_E19902g,YALI0E16709g,has_YALI0,1
YALI1E19958g,YALI1_E19958g,YALI0E16753g,has_YALI0,3
YALI1E20016g,YALI1_E20016g,YALI0E16775g,has_YALI0,2
YALI1E20049g,YALI1_E20049g,YALI0E16797g,has_YALI0,2
YALI1E20159g,YALI1_E20159g,YALI0E16907g,has_YALI0,2
YALI1E20192g,YALI1_E20192g,YALI0E16929g,has_YALI0,3
YALI1E20626g,YALI1_E20626g,YALI0E17347g,has_YALI0,4
YALI1E20666g,YALI1_E20666g,YALI0E17391g,has_YALI0,1
YALI1E20751g,YALI1_E20751g,YALI0E17479g,has_YALI0,1
YALI1E20766g,YALI1_E20766g,YALI0E17545g,has_YALI0,1
YALI1E20885g,YALI1_E20885g,YALI0E17633g,has_YALI0,1
YALI1E21128g,YALI1_E21128g,YALI0E17787g,has_YALI0,4
YALI1E21230g,YALI1_E21230g,YALI0E17919g,has_YALI0,1
YALI1E21312g,YALI1_E21312g,YALI0E17963g,has_YALI0,2
YALI1E21345g,YALI1_E21345g,YALI0E17985g,has_YALI0,2
YALI1E21406g,YALI1_E21406g,YALI0E18029g,has_YALI0,3
YALI1E21478g,YALI1_E21478g,YALI0E18095g,has_YALI0,3
YALI1E21552g,YALI1_E21552g,YALI0E18139g,has_YALI0,1
YALI1E21915g,YALI1_E21915g,YALI0E18238g,has_YALI0,3
YALI1E21983g,YALI1_E21983g,YALI0E18282g,has_YALI0,1
YALI1E22041g,YALI1_E22041g,YALI0E18348g,has_YALI0,3
YALI1E22238g,YALI1_E22238g,YALI0E18568g,has_YALI0,19
YALI1E22262g,YALI1_E22262g,YALI0E18590g,has_YALI0,2
YALI1E22303g,YALI1_E22303g,YALI0E18634g,has_YALI0,2
YALI1E22633g,YALI1_E22633g,YALI0E18898g,has_YALI0,2
YALI1E22718g,YALI1_E22718g,YALI0E18942g,has_YALI0,1
YALI1E22736g,YALI1_E22736g,YALI0E18964g,has_YALI0,2
YALI1E23635g,YALI1_E23635g,YALI0E19723g,has_YALI0,1
YALI1E23809g,YALI1_E23809g,YALI0E19921g,has_YALI0,1
YALI1E23988g,YALI1_E23988g,YALI0E20163g,has_YALI0,1
YALI1E24028g,YALI1_E24028g,YALI0E20207g,has_YALI0,1
YALI1E24113g,YALI1_E24113g,YALI0E20273g,has_YALI0,1
YALI1E24149g,YALI1_E24149g,YALI0E20361g,has_YALI0,1
YALI1E24245g,YALI1_E24245g,YALI0E20427g,has_YALI0,1
YALI1E24318g,YALI1_E24318g,YALI0E20471g,has_YALI0,1
YALI1E24461g,YALI1_E24461g,YALI0E20603g,has_YALI0,1
YALI1E24479g,YALI1_E24479g,YALI0E20625g,has_YALI0,1
YALI1E24532g,YALI1_E24532g,YALI0E20691g,has_YALI0,1
YALI1E24567g,YALI1_E24567g,YALI0E20713g,has_YALI0,5
YALI1E24922g,YALI1_E24922g,YALI0E20977g,has_YALI0,5
YALI1E25018g,YALI1_E25018g,YALI0E21021g,has_YALI0,1
YALI1E25290g,YALI1_E25290g,YALI0E21197g,has_YALI0,2
YALI1E25364g,YALI1_E25364g,YALI0E21241g,has_YALI0,3
YALI1E25400g,YALI1_E25400g,YALI0E21307g,has_YALI0,1
YALI1E25443g,YALI1_E25443g,YALI0E21351g,has_YALI0,2
YALI1E25585g,YALI1_E25585g,YALI0E21549g,has_YALI0,1
YALI1E25932g,YALI1_E25932g,YALI0E21934g,has_YALI0,1
YALI1E26181g,YALI1_E26181g,YALI0E22198g,has_YALI0,1
YALI1E26513g,YALI1_E26513g,YALI0E22462g,has_YALI0,8
YALI1E26811g,YALI1_E26811g,YALI0E22649g,has_YALI0,1
YALI1E27113g,YALI1_E27113g,YALI0E22957g,has_YALI0,1
YALI1E27144g,YALI1_E27144g,YALI0E22979g,has_YALI0,1
YALI1E27218g,YALI1_E27218g,YALI0E23089g,has_YALI0,3
YALI1E27279g,YALI1_E27279g,YALI0E23185g,has_YALI0,1
YALI1E27441g,YALI1_E27441g,YALI0E23287g,has_YALI0,1
YALI1E27791g,YALI1_E27791g,YALI0E23540g,has_YALI0,2
YALI1E28097g,YALI1_E28097g,YALI0E23738g,has_YALI0,1
YALI1E28300g,YALI1_E28300g,YALI0E23859g,has_YALI0,1
YALI1E28545g,YALI1_E28545g,YALI0E23991g,has_YALI0,4
YALI1E28575g,YALI1_E28575g,YALI0E24013g,has_YALI0,2
YALI1E28631g,YALI1_E28631g,YALI0E24057g,has_YALI0,1
YALI1E28779g,YALI1_E28779g,YALI0E24167g,has_YALI0,1
YALI1E29179g,YALI1_E29179g,YALI0E24497g,has_YALI0,2
YALI1E29319g,YALI1_E29319g,YALI0E24607g,has_YALI0,1
YALI1E30014g,YALI1_E30014g,YALI0E25069g,has_YALI0,2
YALI1E30028g,YALI1_E30028g,YALI0E25091g,has_YALI0,1
YALI1E30173g,YALI1_E30173g,YALI0E25201g,has_YALI0,1
YALI1E30400g,YALI1_E30400g,YALI0E25652g,has_YALI0,3
YALI1E30496g,YALI1_E30496g,YALI0E25740g,has_YALI0,1
YALI1E30815g,YALI1_E30815g,YALI0E25982g,has_YALI0,3
YALI1E30886g,YALI1_E30886g,YALI0E26004g,has_YALI0,3
YALI1E31754g,YALI1_E31754g,YALI0E26829g,has_YALI0,1
YALI1E31947g,YALI1_E31947g,YALI0E27005g,has_YALI0,1
YALI1E32054g,YALI1_E32054g,YALI0E27093g,has_YALI0,3
YALI1E32118g,YALI1_E32118g,YALI0E27159g,has_YALI0,3
YALI1E32180g,YALI1_E32180g,YALI0E27203g,has_YALI0,1
YALI1E32241g,YALI1_E32241g,YALI0E27247g,has_YALI0,1
YALI1E32315g,YALI1_E32315g,YALI0E27291g,has_YALI0,1
YALI1E32332g,YALI1_E32332g,YALI0E27346g,has_YALI0,2
YALI1E32603g,YALI1_E32603g,YALI0E27654g,has_YALI0,1
YALI1E32908g,YALI1_E32908g,YALI0E27874g,has_YALI0,4
YALI1E33150g,YALI1_E33150g,YALI0E28153g,has_YALI0,1
YALI1E33285g,YALI1_E33285g,YALI0E28237g,has_YALI0,3
YALI1E33302g,YALI1_E33302g,YALI0E28248g,has_YALI0,1
YALI1E33633g,YALI1_E33633g,YALI0E28468g,has_YALI0,1
YALI1E34072g,YALI1_E34072g,YALI0E28787g,has_YALI0,3
YALI1E34269g,YALI1_E34269g,YALI0E28963g,has_YALI0,1
YALI1E34408g,YALI1_E34408g,YALI0E29139g,has_YALI0,1
YALI1E34425g,YALI1_E34425g,YALI0E29161g,has_YALI0,1
YALI1E35005g,YALI1_E35005g,YALI0E29579g,has_YALI0,3
YALI1E35082g,YALI1_E35082g,YALI0E29667g,has_YALI0,1
YALI1E35410g,YALI1_E35410g,YALI0E29975g,has_YALI0,1
YALI1E35520g,YALI1_E35520g,YALI0E30129g,has_YALI0,1
YALI1E35652g,YALI1_E35652g,YALI0E30283g,has_YALI0,1
YALI1E35815g,YALI1_E35815g,YALI0E30481g,has_YALI0,1
YALI1E35955g,YALI1_E35955g,YALI0E30591g,has_YALI0,2
YALI1E36437g,YALI1_E36437g,YALI0E30965g,has_YALI0,2
YALI1E36477g,YALI1_E36477g,YALI0E31009g,has_YALI0,18
YALI1E36540g,YALI1_E36540g,YALI0E31064g,has_YALI0,1
YALI1E36568g,YALI1_E36568g,YALI0E31086g,has_YALI0,1
YALI1E37063g,YALI1_E37063g,YALI0E31471g,has_YALI0,2
YALI1E37118g,YALI1_E37118g,YALI0E31515g,has_YALI0,2
YALI1E37603g,YALI1_E37603g,YALI0E31766g,has_YALI0,3
YALI1E37764g,YALI1_E37764g,YALI0E31797g,has_YALI0,1
YALI1E37982g,YALI1_E37982g,YALI0E32035g,has_YALI0,2
YALI1E38034g,YALI1_E38034g,YALI0E32065g,has_YALI0,1
YALI1E38131g,YALI1_E38131g,YALI0E32164g,has_YALI0,1
YALI1E38308g,YALI1_E38308g,YALI0E32351g,has_YALI0,1
YALI1E38561g,YALI1_E38561g,YALI0E32527g,has_YALI0,1
YALI1E38701g,YALI1_E38701g,YALI0E32681g,has_YALI0,3
YALI1E38749g,YALI1_E38749g,YALI0E32736g,has_YALI0,1
YALI1E38810g,YALI1_E38810g,YALI0E32769g,has_YALI0,2
YALI1E38859g,YALI1_E38859g,YALI0E32791g,has_YALI0,1
YALI1E38912g,YALI1_E38912g,YALI0E32835g,has_YALI0,1
YALI1E39128g,YALI1_E39128g,YALI0E32901g,has_YALI0,4
YALI1E39221g,YALI1_E39221g,YALI0E33033g,has_YALI0,1
YALI1E39248g,YALI1_E39248g,YALI0E33099g,has_YALI0,1
YALI1E39295g,YALI1_E39295g,YALI0E33143g,has_YALI0,2
YALI1E39676g,YALI1_E39676g,YALI0E33495g,has_YALI0,1
YALI1E39693g,YALI1_E39693g,YALI0E33517g,has_YALI0,3
YALI1E40076g,YALI1_E40076g,YALI0E33774g,has_YALI0,1
YALI1E40305g,YALI1_E40305g,YALI0E33957g,has_YALI0,1
YALI1E40361g,YALI1_E40361g,YALI0E34037g,has_YALI0,1
YALI1E40471g,YALI1_E40471g,YALI0E34133g,has_YALI0,1
YALI1E40502g,YALI1_E40502g,YALI0E34155g,has_YALI0,1
YALI1E40671g,YALI1_E40671g,YALI0E34265g,has_YALI0,3
YALI1E41148g,YALI1_E41148g,YALI0E34672g,has_YALI0,1
YALI1E41251g,YALI1_E41251g,YALI0E34749g,has_YALI0,2
YALI1E41276g,YALI1_E41276g,YALI0E34771g,has_YALI0,3
YALI1E41315g,YALI1_E41315g,YALI0E34793g,has_YALI0,1
YALI1E41754g,YALI1_E41754g,YALI0E35156g,has_YALI0,2
YALI1E41850g,YALI1_E41850g,YALI0E35200g,has_YALI0,1
YALI1E41893g,YALI1_E41893g,YALI0E35222g,has_YALI0,11
YALI1F00472g,YALI1_F00472g,YALI0F00396g,has_YALI0,6
YALI1F00616g,YALI1_F00616g,YALI0F00462g,has_YALI0,1
YALI1F00654g,YALI1_F00654g,YALI0F00484g,has_YALI0,1
YALI1F00821g,YALI1_F00821g,YALI0F00506g,has_YALI0,2
YALI1F01456g,YALI1_F01456g,YALI0F00924g,has_YALI0,3
YALI1F01755g,YALI1_F01755g,YALI0F01078g,has_YALI0,3
YALI1F01981g,YALI1_F01981g,YALI0F01210g,has_YALI0,1
YALI1F02074g,YALI1_F02074g,YALI0F01254g,has_YALI0,3
YALI1F02132g,YALI1_F02132g,YALI0F01320g,has_YALI0,3
YALI1F02309g,YALI1_F02309g,YALI0F01496g,has_YALI0,12
YALI1F02481g,YALI1_F02481g,YALI0F01584g,has_YALI0,1
YALI1F02508g,YALI1_F02508g,YALI0F01606g,has_YALI0,1
YALI1F02518g,YALI1_F02518g,YALI0F01628g,has_YALI0,1
YALI1F02592g,YALI1_F02592g,YALI0F01672g,has_YALI0,1
YALI1F02758g,YALI1_F02758g,YALI0F01771g,has_YALI0,1
YALI1F03136g,YALI1_F03136g,YALI0F02013g,has_YALI0,1
YALI1F03371g,YALI1_F03371g,YALI0F02123g,has_YALI0,3
YALI1F03452g,YALI1_F03452g,YALI0F02211g,has_YALI0,1
YALI1F03527g,YALI1_F03527g,YALI0F02299g,has_YALI0,1
YALI1F03803g,YALI1_F03803g,YALI0F02497g,has_YALI0,1
YALI1F03883g,YALI1_F03883g,YALI0F02607g,has_YALI0,1
YALI1F03908g,YALI1_F03908g,YALI0F02629g,has_YALI0,1
YALI1F04082g,YALI1_F04082g,YALI0F02849g,has_YALI0,6
YALI1F04110g,YALI1_F04110g,YALI0F02893g,has_YALI0,1
YALI1F04157g,YALI1_F04157g,YALI0F02937g,has_YALI0,1
YALI1F04185g,YALI1_F04185g,YALI0F02959g,has_YALI0,3
YALI1F04433g,YALI1_F04433g,YALI0F03179g,has_YALI0,1
YALI1F04455g,YALI1_F04455g,YALI0F03201g,has_YALI0,1
YALI1F05089g,YALI1_F05089g,YALI0F03567g,has_YALI0,1
YALI1F05220g,YALI1_F05220g,YALI0F03597g,has_YALI0,3
YALI1F05415g,YALI1_F05415g,YALI0F03663g,has_YALI0,1
YALI1F05509g,YALI1_F05509g,YALI0F03751g,has_YALI0,3
YALI1F05574g,YALI1_F05574g,YALI0F03795g,has_YALI0,3
YALI1F06018g,YALI1_F06018g,YALI0F04015g,has_YALI0,1
YALI1F06197g,YALI1_F06197g,YALI0F04095g,has_YALI0,3
YALI1F06236g,YALI1_F06236g,YALI0F04103g,has_YALI0,1
YALI1F06351g,YALI1_F06351g,YALI0F04169g,has_YALI0,1
YALI1F06787g,YALI1_F06787g,YALI0F04378g,has_YALI0,1
YALI1F06858g,YALI1_F06858g,YALI0F04444g,has_YALI0,10
YALI1F06904g,YALI1_F06904g,YALI0F04532g,has_YALI0,1
YALI1F07384g,YALI1_F07384g,YALI0F04774g,has_YALI0,1
YALI1F07630g,YALI1_F07630g,YALI0F05038g,has_YALI0,4
YALI1F07747g,YALI1_F07747g,YALI0F05126g,has_YALI0,1
YALI1F07827g,YALI1_F07827g,YALI0F05192g,has_YALI0,2
YALI1F07847g,YALI1_F07847g,YALI0F05214g,has_YALI0,2
YALI1F08075g,YALI1_F08075g,YALI0F05390g,has_YALI0,1
YALI1F08225g,YALI1_F08225g,YALI0F05500g,has_YALI0,4
YALI1F08349g,YALI1_F08349g,YALI0F05610g,has_YALI0,1
YALI1F08363g,YALI1_F08363g,YALI0F05632g,has_YALI0,1
YALI1F08705g,YALI1_F08705g,YALI0F05874g,has_YALI0,2
YALI1F08845g,YALI1_F08845g,YALI0F05962g,has_YALI0,5
YALI1F08885g,YALI1_F08885g,YALI0F05984g,has_YALI0,1
YALI1F09003g,YALI1_F09003g,YALI0F06050g,has_YALI0,3
YALI1F09433g,YALI1_F09433g,YALI0F06358g,has_YALI0,1
YALI1F09542g,YALI1_F09542g,YALI0F06424g,has_YALI0,9
YALI1F09598g,YALI1_F09598g,YALI0F06468g,has_YALI0,1
YALI1F09747g,YALI1_F09747g,YALI0F06578g,has_YALI0,10
YALI1F09856g,YALI1_F09856g,YALI0F06710g,has_YALI0,1
YALI1F09965g,YALI1_F09965g,YALI0F06776g,has_YALI0,1
YALI1F10110g,YALI1_F10110g,YALI0F06820g,has_YALI0,1
YALI1F10122g,YALI1_F10122g,YALI0F06842g,has_YALI0,1
YALI1F10224g,YALI1_F10224g,YALI0F06974g,has_YALI0,3
YALI1F10253g,YALI1_F10253g,YALI0F07018g,has_YALI0,1
YALI1F10342g,YALI1_F10342g,YALI0F07062g,has_YALI0,6
YALI1F10633g,YALI1_F10633g,YALI0F07260g,has_YALI0,6
YALI1F11049g,YALI1_F11049g,YALI0F07711g,has_YALI0,1
YALI1F11199g,YALI1_F11199g,YALI0F07821g,has_YALI0,1
YALI1F11396g,YALI1_F11396g,YALI0F08063g,has_YALI0,3
YALI1F11481g,YALI1_F11481g,YALI0F08129g,has_YALI0,1
YALI1F11583g,YALI1_F11583g,YALI0F08195g,has_YALI0,1
YALI1F11605g,YALI1_F11605g,YALI0F08217g,has_YALI0,1
YALI1F11635g,YALI1_F11635g,YALI0F08283g,has_YALI0,1
YALI1F11827g,YALI1_F11827g,YALI0F08415g,has_YALI0,2
YALI1F12013g,YALI1_F12013g,YALI0F08613g,has_YALI0,1
YALI1F12138g,YALI1_F12138g,YALI0F08701g,has_YALI0,1
YALI1F12176g,YALI1_F12176g,YALI0F08723g,has_YALI0,1
YALI1F12666g,YALI1_F12666g,YALI0F09097g,has_YALI0,1
YALI1F12842g,YALI1_F12842g,YALI0F09185g,has_YALI0,1
YALI1F12874g,YALI1_F12874g,YALI0F09229g,has_YALI0,10
YALI1F12895g,YALI1_F12895g,YALI0F09251g,has_YALI0,1
YALI1F12917g,YALI1_F12917g,YALI0F09273g,has_YALI0,2
YALI1F12969g,YALI1_F12969g,YALI0F09339g,has_YALI0,7
YALI1F13017g,YALI1_F13017g,YALI0F09405g,has_YALI0,2
YALI1F13039g,YALI1_F13039g,YALI0F09449g,has_YALI0,1
YALI1F13097g,YALI1_F13097g,YALI0F09559g,has_YALI0,1
YALI1F13170g,YALI1_F13170g,YALI0F09603g,has_YALI0,8
YALI1F13202g,YALI1_F13202g,YALI0F09625g,has_YALI0,2
YALI1F13505g,YALI1_F13505g,YALI0F09966g,has_YALI0,1
YALI1F13550g,YALI1_F13550g,YALI0F10010g,has_YALI0,5
YALI1F14495g,YALI1_F14495g,YALI0F10857g,has_YALI0,10
YALI1F14583g,YALI1_F14583g,YALI0F10923g,has_YALI0,1
YALI1F14882g,YALI1_F14882g,YALI0F11231g,has_YALI0,2
YALI1F14958g,YALI1_F14958g,YALI0F11297g,has_YALI0,4
YALI1F15334g,YALI1_F15334g,YALI0F11583g,has_YALI0,1
YALI1F15367g,YALI1_F15367g,YALI0F11627g,has_YALI0,1
YALI1F15403g,YALI1_F15403g,YALI0F11649g,has_YALI0,1
YALI1F15517g,YALI1_F15517g,YALI0F11759g,has_YALI0,1
YALI1F15781g,YALI1_F15781g,YALI0F11935g,has_YALI0,10
YALI1F15961g,YALI1_F15961g,YALI0F12089g,has_YALI0,2
YALI1F16045g,YALI1_F16045g,YALI0F12177g,has_YALI0,1
YALI1F16069g,YALI1_F16069g,YALI0F12199g,has_YALI0,1
YALI1F16984g,YALI1_F16984g,YALI0F12639g,has_YALI0,5
YALI1F17082g,YALI1_F17082g,YALI0F12749g,has_YALI0,6
YALI1F17337g,YALI1_F17337g,YALI0F12925g,has_YALI0,1
YALI1F17569g,YALI1_F17569g,YALI0F13145g,has_YALI0,1
YALI1F17962g,YALI1_F17962g,YALI0F13453g,has_YALI0,1
YALI1F18105g,YALI1_F18105g,YALI0F13541g,has_YALI0,2
YALI1F18152g,YALI1_F18152g,YALI0F13607g,has_YALI0,1
YALI1F18429g,YALI1_F18429g,YALI0F13739g,has_YALI0,3
YALI1F18740g,YALI1_F18740g,YALI0F13937g,has_YALI0,1
YALI1F18835g,YALI1_F18835g,YALI0F13981g,has_YALI0,3
YALI1F18897g,YALI1_F18897g,YALI0F14025g,has_YALI0,4
YALI1F18920g,YALI1_F18920g,YALI0F14047g,has_YALI0,2
YALI1F18979g,YALI1_F18979g,YALI0F14113g,has_YALI0,1
YALI1F19090g,YALI1_F19090g,YALI0F14223g,has_YALI0,1
YALI1F19697g,YALI1_F19697g,YALI0F14729g,has_YALI0,11
YALI1F20637g,YALI1_F20637g,YALI0F15345g,has_YALI0,1
YALI1F20788g,YALI1_F20788g,YALI0F15433g,has_YALI0,1
YALI1F20914g,YALI1_F20914g,YALI0F15587g,has_YALI0,1
YALI1F20965g,YALI1_F20965g,YALI0F15631g,has_YALI0,2
YALI1F21467g,YALI1_F21467g,YALI0F15983g,has_YALI0,1
YALI1F21567g,YALI1_F21567g,YALI0F16093g,has_YALI0,6
YALI1F21690g,YALI1_F21690g,YALI0F16181g,has_YALI0,2
YALI1F21728g,YALI1_F21728g,YALI0F16225g,has_YALI0,1
YALI1F21769g,YALI1_F21769g,YALI0F16291g,has_YALI0,1
YALI1F21875g,YALI1_F21875g,YALI0F16401g,has_YALI0,3
YALI1F21908g,YALI1_F21908g,YALI0F16423g,has_YALI0,1
YALI1F22321g,YALI1_F22321g,YALI0F16709g,has_YALI0,1
YALI1F22436g,YALI1_F22436g,YALI0F16819g,has_YALI0,1
YALI1F22568g,YALI1_F22568g,YALI0F16896g,has_YALI0,1
YALI1F22908g,YALI1_F22908g,YALI0F17138g,has_YALI0,1
YALI1F22993g,YALI1_F22993g,YALI0F17248g,has_YALI0,3
YALI1F23441g,YALI1_F23441g,YALI0F17644g,has_YALI0,1
YALI1F23664g,YALI1_F23664g,YALI0F17820g,has_YALI0,1
YALI1F23706g,YALI1_F23706g,YALI0F17842g,has_YALI0,1
YALI1F23922g,YALI1_F23922g,YALI0F17996g,has_YALI0,4
YALI1F24031g,YALI1_F24031g,YALI0F18084g,has_YALI0,1
YALI1F24171g,YALI1_F24171g,YALI0F18216g,has_YALI0,1
YALI1F24343g,YALI1_F24343g,YALI0F18359g,has_YALI0,3
YALI1F24667g,YALI1_F24667g,YALI0F18502g,has_YALI0,2
YALI1F24773g,YALI1_F24773g,YALI0F18590g,has_YALI0,2
YALI1F25444g,YALI1_F25444g,YALI0F19052g,has_YALI0,1
YALI1F25587g,YALI1_F25587g,YALI0F19184g,has_YALI0,3
YALI1F25649g,YALI1_F25649g,YALI0F19228g,has_YALI0,1
YALI1F25908g,YALI1_F25908g,YALI0F19448g,has_YALI0,1
YALI1F25924g,YALI1_F25924g,YALI0F19470g,has_YALI0,1
YALI1F25951g,YALI1_F25951g,YALI0F19514g,has_YALI0,1
YALI1F25984g,YALI1_F25984g,YALI0F19536g,has_YALI0,1
YALI1F26167g,YALI1_F26167g,YALI0F19712g,has_YALI0,1
YALI1F26427g,YALI1_F26427g,YALI0F19866g,has_YALI0,23
YALI1F26873g,YALI1_F26873g,YALI0F20218g,has_YALI0,2
YALI1F26924g,YALI1_F26924g,YALI0F20262g,has_YALI0,1
YALI1F26967g,YALI1_F26967g,YALI0F20306g,has_YALI0,1
YALI1F27002g,YALI1_F27002g,YALI0F20328g,has_YALI0,1
YALI1F27211g,YALI1_F27211g,YALI0F20504g,has_YALI0,1
YALI1F27343g,YALI1_F27343g,YALI0F20570g,has_YALI0,1
YALI1F27556g,YALI1_F27556g,YALI0F20702g,has_YALI0,1
YALI1F27686g,YALI1_F27686g,YALI0F20790g,has_YALI0,1
YALI1F27761g,YALI1_F27761g,YALI0F20900g,has_YALI0,1
YALI1F27904g,YALI1_F27904g,YALI0F21010g,has_YALI0,2
YALI1F27989g,YALI1_F27989g,YALI0F21109g,has_YALI0,1
YALI1F28064g,YALI1_F28064g,YALI0F21197g,has_YALI0,1
YALI1F28092g,YALI1_F28092g,YALI0F21219g,has_YALI0,2
YALI1F28274g,YALI1_F28274g,YALI0F21406g,has_YALI0,1
YALI1F28485g,YALI1_F28485g,YALI0F21527g,has_YALI0,1
YALI1F28833g,YALI1_F28833g,YALI0F21791g,has_YALI0,1
YALI1F29301g,YALI1_F29301g,YALI0F22121g,has_YALI0,1
YALI1F29751g,YALI1_F29751g,YALI0F22517g,has_YALI0,1
YALI1F29836g,YALI1_F29836g,YALI0F22605g,has_YALI0,1
YALI1F29987g,YALI1_F29987g,YALI0F22781g,has_YALI0,1
YALI1F30034g,YALI1_F30034g,YALI0F22825g,has_YALI0,1
YALI1F30179g,YALI1_F30179g,YALI0F23023g,has_YALI0,1
YALI1F30289g,YALI1_F30289g,YALI0F23067g,has_YALI0,3
YALI1F30459g,YALI1_F30459g,YALI0F23221g,has_YALI0,2
YALI1F30479g,YALI1_F30479g,YALI0F23243g,has_YALI0,1
YALI1F30703g,YALI1_F30703g,YALI0F23441g,has_YALI0,1
YALI1F30754g,YALI1_F30754g,YALI0F23463g,has_YALI0,1
YALI1F30877g,YALI1_F30877g,YALI0F23551g,has_YALI0,1
YALI1F30903g,YALI1_F30903g,YALI0F23573g,has_YALI0,3
YALI1F31135g,YALI1_F31135g,YALI0F23727g,has_YALI0,1
YALI1F31153g,YALI1_F31153g,YALI0F23749g,has_YALI0,2
YALI1F31215g,YALI1_F31215g,YALI0F23793g,has_YALI0,14
YALI1F31283g,YALI1_F31283g,YALI0F23837g,has_YALI0,1
YALI1F31381g,YALI1_F31381g,YALI0F23903g,has_YALI0,2
YALI1F31405g,YALI1_F31405g,YALI0F23947g,has_YALI0,2
YALI1F31854g,YALI1_F31854g,YALI0F24475g,has_YALI0,2
YALI1F32002g,YALI1_F32002g,YALI0F24651g,has_YALI0,1
YALI1F32010g,YALI1_F32010g,YALI0F24673g,has_YALI0,1
YALI1F32232g,YALI1_F32232g,YALI0F24893g,has_YALI0,1
YALI1F32287g,YALI1_F32287g,YALI0F24937g,has_YALI0,1
YALI1F32330g,YALI1_F32330g,YALI0F25003g,has_YALI0,1
YALI1F32363g,YALI1_F32363g,YALI0F25047g,has_YALI0,1
YALI1F32476g,YALI1_F32476g,YALI0F25135g,has_YALI0,4
YALI1F32534g,YALI1_F32534g,YALI0F25201g,has_YALI0,1
YALI1F32841g,YALI1_F32841g,YALI0F25553g,has_YALI0,2
YALI1F32910g,YALI1_F32910g,YALI0F25597g,has_YALI0,3
YALI1F32969g,YALI1_F32969g,YALI0F25641g,has_YALI0,1
YALI1F33143g,YALI1_F33143g,YALI0F25773g,has_YALI0,3
YALI1F33189g,YALI1_F33189g,YALI0F25795g,has_YALI0,1
YALI1F33246g,YALI1_F33246g,YALI0F25817g,has_YALI0,1
YALI1F33579g,YALI1_F33579g,YALI0F26125g,has_YALI0,1
YALI1F33681g,YALI1_F33681g,YALI0F26191g,has_YALI0,2
YALI1F33754g,YALI1_F33754g,YALI0F26323g,has_YALI0,3
YALI1F33819g,YALI1_F33819g,YALI0F26433g,has_YALI0,1
YALI1F33861g,YALI1_F33861g,YALI0F26455g,has_YALI0,1
YALI1F33951g,YALI1_F33951g,YALI0F26521g,has_YALI0,2
YALI1F34029g,YALI1_F34029g,YALI0F26587g,has_YALI0,1
YALI1F34051g,YALI1_F34051g,YALI0F26609g,has_YALI0,1
YALI1F34187g,YALI1_F34187g,YALI0F26785g,has_YALI0,5
YALI1F34625g,YALI1_F34625g,YALI0F27247g,has_YALI0,5
YALI1F34675g,YALI1_F34675g,YALI0F27313g,has_YALI0,5
YALI1F35109g,YALI1_F35109g,YALI0F27665g,has_YALI0,2
YALI1F35542g,YALI1_F35542g,YALI0F27885g,has_YALI0,1
YALI1F35690g,YALI1_F35690g,YALI0F28017g,has_YALI0,2
YALI1F35822g,YALI1_F35822g,YALI0F28149g,has_YALI0,1
YALI1F35868g,YALI1_F35868g,YALI0F28193g,has_YALI0,1
YALI1F36094g,YALI1_F36094g,YALI0F28369g,has_YALI0,1
YALI1F36415g,YALI1_F36415g,YALI0F28655g,has_YALI0,1
YALI1F36584g,YALI1_F36584g,YALI0F28765g,has_YALI0,1
YALI1F36733g,YALI1_F36733g,YALI0F29139g,has_YALI0,3
YALI1F36966g,YALI1_F36966g,YALI0F29337g,has_YALI0,9
YALI1F37194g,YALI1_F37194g,YALI0F29623g,has_YALI0,1
YALI1F37272g,YALI1_F37272g,YALI0F29711g,has_YALI0,3
YALI1F37354g,YALI1_F37354g,YALI0F29843g,has_YALI0,1
YALI1F37498g,YALI1_F37498g,YALI0F29975g,has_YALI0,5
YALI1F37559g,YALI1_F37559g,YALI0F30019g,has_YALI0,1
YALI1F37658g,YALI1_F37658g,YALI0F30063g,has_YALI0,5
YALI1F37714g,YALI1_F37714g,YALI0F30129g,has_YALI0,13
YALI1F37916g,YALI1_F37916g,YALI0F30349g,has_YALI0,4
YALI1F38116g,YALI1_F38116g,YALI0F30481g,has_YALI0,2
YALI1F38220g,YALI1_F38220g,YALI0F30569g,has_YALI0,3
YALI1F38317g,YALI1_F38317g,YALI0F30679g,has_YALI0,11
YALI1F38386g,YALI1_F38386g,YALI0F30745g,has_YALI0,6
YALI1F38466g,YALI1_F38466g,YALI0F30811g,has_YALI0,1
YALI1F38476g,YALI1_F38476g,YALI0F30833g,has_YALI0,1
YALI1F38629g,YALI1_F38629g,YALI0F30987g,has_YALI0,2
YALI1F38776g,YALI1_F38776g,YALI0F31075g,has_YALI0,2
YALI1F38820g,YALI1_F38820g,YALI0F31119g,has_YALI0,2
YALI1F38986g,YALI1_F38986g,YALI0F31273g,has_YALI0,2
YALI1F39058g,YALI1_F39058g,YALI0F31427g,has_YALI0,1
YALI1F39330g,YALI1_F39330g,YALI0F31735g,has_YALI0,8
YALI1F39426g,YALI1_F39426g,YALI0F31845g,has_YALI0,1
YALI1F39620g,YALI1_F39620g,YALI0F31999g,has_YALI0,2
YALI1M00056g,YALI1_M00056g,YALIfMp01,has_YALI0,3
YALI1M00064g,YALI1_M00064g,YALIfMp02,has_YALI0,3
YALI1M00131g,YALI1_M00131g,YALIfMp03,has_YALI0,1
YALI1M00260g,YALI1_M00260g,YALIfMp03,has_YALI0,1
YALI1M00267g,YALI1_M00267g,YALIfMp03,has_YALI0,1
YALI1M00277g,YALI1_M00277g,YALIfMp14,has_YALI0,1
YALI1M00296g,YALI1_M00296g,YALIfMp16,has_YALI0,3
YALI1M00318g,YALI1_M00318g,YALIfMp17,has_YALI0,1
YALI1M00325g,YALI1_M00325g,YALIfMp18,has_YALI0,1
YALI1M00335g,YALI1_M00335g,YALIfMp19,has_YALI0,3
YALI1M00390g,YALI1_M00390g,YALIfMp23,has_YALI0,1
YALI1M00458g,YALI1_M00458g,YALIfMp28,has_YALI0,3
YALI0B10406g,,,not_in_S2,1
YALI0D12573g,,,not_in_S2,1
YALI0D17490g,,,not_in_S2,1
YALI0D27654g,,,not_in_S2,12
YALI0E07787g,,,not_in_S2,6
YALI0E12442g,,,not_in_S2,1
YALI0E16192g,,,not_in_S2,2
YALI0E18568g,,,not_in_S2,1
YALI0F04114g,,,not_in_S2,1
YALI1M00338r,,,not_in_S2,3
YALIUNK1,,,not_in_S2,1
YALIUNK2,,,not_in_S2,1
YALIUNK3,,,not_in_S2,1
YALIUNK4,,,not_in_S2,1
YALIfMp29,,,not_in_S2,3
YalifMp05,,,not_in_S2,1
YalifMp06,,,not_in_S2,1
