reaction_id,reaction_name,type,n_metabolites,compartments,gene_reaction_rule,metabolite_mnxm_ids,metabolite_bigg_ids
R39,"3-hexaprenyl-4,5-dihydroxybenzoate hydroxylase",no_GPR,4,C_cy,,"MNXM120141,MNXM735438,MNXM2783,MNXM1","—,o2,3dh5hpb,h"
R60,"5,10-methylenetetrahydrofolate reductase (NADPH)",has_GPR,4,C_cy,YALI1B19021g or YALI1B00578g,"MNXM738702,MNXM90098,MNXM5,MNXM733947","nadph,—,nadp,—"
R99,acyl-CoA oxidase (hexacosanoyl-CoA),has_GPR,4,C_pe,YALI1D32754g,"MNXM735438,MNXM1093160,MNXM732620,MNXM726927","o2,hexcoa,h2o2,—"
R104,"acyl-CoA:sterol acyltransferase (oleoyl-CoA:ergosterol), ER membrane",has_GPR,4,C_em,YALI1F09747g,"MNXM1511591,MNXM741449,MNXM1094981,MNXM52466","—,ergst,—,—"
R105,"acyl-CoA:sterol acyltransferase (oleoyl-CoA:fecosterol), ER membrane",has_GPR,4,C_em,YALI1F09747g,"MNXM1511591,MNXM731707,MNXM1094981,MNXM53170","—,fecost,—,—"
R109,"acyl-CoA:sterol acyltransferase (palmitoleoyl-CoA:ergosterol), ER membrane",has_GPR,4,C_em,YALI1F09747g,"MNXM741449,MNXM1108357,MNXM1094981,MNXM52467","ergst,—,—,—"
R110,"acyl-CoA:sterol acyltransferase (palmitoleoyl-CoA:fecosterol), ER membrane",has_GPR,4,C_em,YALI1F09747g,"MNXM731707,MNXM1108357,MNXM1094981,MNXM53171","fecost,—,—,—"
R131,"alcohol dehydrogenase (glycerol, NADP)",has_GPR,4,C_cy,YALI1C353g or YALI1B20108g or YALI1A21000g or YALI1A15863g or YALI1B09211g or YALI1B28394g or YALI1C12619g or YALI1C18771g or YALI1D05111g or YALI1E22041g or YALI1F10224g or YALI1F24773g or YALI1D09870g,"MNXM738702,MNXM435,MNXM5,MNXM89612","nadph,glyald,nadp,glyc"
R255,D-arabinose 1-dehydrogenase (NADP),has_GPR,4,C_cy,YALI1A21000g or YALI1A15863g or YALI1B09211g or YALI1B28394g or YALI1C12619g or YALI1C18771g or YALI1D05111g or YALI1E22041g or YALI1F10224g,"MNXM5,MNXM48397,MNXM738702,MNXM778","nadp,—,nadph,Dara14lac"
R257,D-sorbitol dehydrogenase (D-fructose producing),has_GPR,4,C_cy,YALI1E15452g,"MNXM64096,MNXM1104589,MNXM10,MNXM1363862","—,—,nadh,—"
R267,dihydroceramidase,has_GPR,3,C_er,YALI1D25664g,"MNXM733692,MNXM100400,MNXM1513336","sphgn,—,—"
R268,dihydroceramidase,has_GPR,3,C_er,YALI1D25664g,"MNXM733692,MNXM100479,MNXM1513336","sphgn,—,—"
R297,fatty-acid--CoA ligase (decanoate),has_GPR,6,C_pe,YALI1E19172g,"MNXM1094981,MNXM3,MNXM1043,MNXM1092836,MNXM728294,MNXM11","—,atp,dca,dcacoa,amp,ppi"
R298,fatty-acid--CoA ligase (dodecanoate),has_GPR,6,C_pe,YALI1E19172g,"MNXM1094981,MNXM3,MNXM100679,MNXM734853,MNXM728294,MNXM11","—,atp,—,—,amp,ppi"
R352,glycerol-3-phosphate/dihydroxyacetone phosphate acyltransferase,has_GPR,4,C_em,YALI1C00230g,"MNXM1136895,MNXM730002,MNXM1094981,MNXM1091645","—,—,—,1ag3p"
R353,glycerol-3-phosphate/dihydroxyacetone phosphate acyltransferase,has_GPR,4,C_lp,YALI1C00230g,"MNXM1136895,MNXM730002,MNXM1094981,MNXM1091645","—,—,—,1ag3p"
R376,"GPI-anchor assembly, step 9",has_GPR,4,C_er,YALI1E04744g or YALI1E14925g,"MNXM1093921,MNXM1179,MNXM38542,MNXM1509522","pe_LM,—,—,—"
R421,inosine monophosphate cyclohydrolase,has_GPR,4,C_cy,YALI1D32209g,"MNXM733647,MNXM1,WATER,MNXM1101868","—,h,h2o,imp"
R427,IPS phospholipase C,has_GPR,4,C_er,YALI1D23128g,"WATER,MNXM158006,MNXM1513336,MNXM1107797","h2o,—,—,6pgg"
R428,IPS phospholipase C,has_GPR,4,C_er,YALI1D23128g,"WATER,MNXM106432,MNXM1513336,MNXM1107797","h2o,—,—,6pgg"
R429,IPS phospholipase C,has_GPR,4,C_er,YALI1D23128g,"WATER,MNXM157996,—,MNXM1107797","h2o,—,—,6pgg"
R430,IPS phospholipase C,has_GPR,4,C_er,YALI1D23128g,"WATER,MNXM157997,—,MNXM1107797","h2o,—,—,6pgg"
R431,IPS phospholipase C,has_GPR,4,C_er,YALI1D23128g,"WATER,MNXM157996,—,MNXM1107797","h2o,—,—,6pgg"
R432,IPS phospholipase C,has_GPR,4,C_er,YALI1D23128g,"WATER,MNXM157997,—,MNXM1107797","h2o,—,—,6pgg"
R433,IPS phospholipase C,has_GPR,4,C_er,YALI1D23128g,"WATER,MNXM61065,—,MNXM1107797","h2o,—,—,6pgg"
R434,IPS phospholipase C,has_GPR,4,C_er,YALI1D23128g,"WATER,MNXM61055,—,MNXM1107797","h2o,—,—,6pgg"
R435,IPS phospholipase C,has_GPR,4,C_er,YALI1D23128g,"WATER,MNXM531687,—,MNXM1107797","h2o,—,—,6pgg"
R436,IPS phospholipase C,has_GPR,4,C_er,YALI1D23128g,"WATER,MNXM61054,—,MNXM1107797","h2o,—,—,6pgg"
R437,IPS phospholipase C,has_GPR,4,C_er,YALI1D23128g,"WATER,MNXM157598,MNXM1513336,—","h2o,—,—,—"
R438,IPS phospholipase C,has_GPR,4,C_er,YALI1D23128g,"WATER,MNXM57454,MNXM1513336,—","h2o,—,—,—"
R439,IPS phospholipase C,has_GPR,4,C_er,YALI1D23128g,"WATER,MNXM57463,—,—","h2o,—,—,—"
R440,IPS phospholipase C,has_GPR,4,C_er,YALI1D23128g,"WATER,MNXM57453,—,—","h2o,—,—,—"
R441,IPS phospholipase C,has_GPR,4,C_er,YALI1D23128g,"WATER,MNXM57470,—,—","h2o,—,—,—"
R442,IPS phospholipase C,has_GPR,4,C_er,YALI1D23128g,"WATER,MNXM57453,—,—","h2o,—,—,—"
R443,IPS phospholipase C,has_GPR,4,C_er,YALI1D23128g,"WATER,MNXM57468,—,—","h2o,—,—,—"
R444,IPS phospholipase C,has_GPR,4,C_er,YALI1D23128g,"WATER,MNXM156797,—,—","h2o,—,—,—"
R445,IPS phospholipase C,has_GPR,4,C_er,YALI1D23128g,"WATER,MNXM57467,—,—","h2o,—,—,—"
R446,IPS phospholipase C,has_GPR,4,C_er,YALI1D23128g,"WATER,MNXM57457,—,—","h2o,—,—,—"
R447,IPS phospholipase C,has_GPR,4,C_mi,YALI1D23128g,"WATER,—,MNXM1364686,MNXM1513336","h2o,—,mi3p__D,—"
R448,IPS phospholipase C,has_GPR,4,C_mi,YALI1D23128g,"WATER,MNXM159914,MNXM1364686,MNXM1513336","h2o,—,mi3p__D,—"
R449,IPS phospholipase C,has_GPR,4,C_mi,YALI1D23128g,"WATER,MNXM159904,MNXM1364686,—","h2o,—,mi3p__D,—"
R450,IPS phospholipase C,has_GPR,4,C_mi,YALI1D23128g,"WATER,MNXM159913,MNXM1364686,—","h2o,—,mi3p__D,—"
R451,IPS phospholipase C,has_GPR,4,C_mi,YALI1D23128g,"WATER,MNXM159904,MNXM1364686,—","h2o,—,mi3p__D,—"
R452,IPS phospholipase C,has_GPR,4,C_mi,YALI1D23128g,"WATER,MNXM159913,MNXM1364686,—","h2o,—,mi3p__D,—"
R453,IPS phospholipase C,has_GPR,4,C_mi,YALI1D23128g,"WATER,MNXM527428,MNXM1364686,—","h2o,—,mi3p__D,—"
R454,IPS phospholipase C,has_GPR,4,C_mi,YALI1D23128g,"WATER,MNXM105743,MNXM1364686,—","h2o,—,mi3p__D,—"
R455,IPS phospholipase C,has_GPR,4,C_mi,YALI1D23128g,"WATER,MNXM1107465,MNXM1364686,—","h2o,—,mi3p__D,—"
R456,IPS phospholipase C,has_GPR,4,C_mi,YALI1D23128g,"WATER,MNXM527427,MNXM1364686,—","h2o,—,mi3p__D,—"
R457,IPS phospholipase C,has_GPR,4,C_mi,YALI1D23128g,"WATER,MNXM158006,MNXM1513336,MNXM1107797","h2o,—,—,6pgg"
R458,IPS phospholipase C,has_GPR,4,C_mi,YALI1D23128g,"WATER,MNXM106432,MNXM1513336,MNXM1107797","h2o,—,—,6pgg"
R459,IPS phospholipase C,has_GPR,4,C_mi,YALI1D23128g,"WATER,MNXM157996,—,MNXM1107797","h2o,—,—,6pgg"
R460,IPS phospholipase C,has_GPR,4,C_mi,YALI1D23128g,"WATER,MNXM157997,—,MNXM1107797","h2o,—,—,6pgg"
R461,IPS phospholipase C,has_GPR,4,C_mi,YALI1D23128g,"WATER,MNXM157996,—,MNXM1107797","h2o,—,—,6pgg"
R462,IPS phospholipase C,has_GPR,4,C_mi,YALI1D23128g,"WATER,MNXM157997,—,MNXM1107797","h2o,—,—,6pgg"
R463,IPS phospholipase C,has_GPR,4,C_mi,YALI1D23128g,"WATER,MNXM61065,—,MNXM1107797","h2o,—,—,6pgg"
R464,IPS phospholipase C,has_GPR,4,C_mi,YALI1D23128g,"WATER,MNXM61055,—,MNXM1107797","h2o,—,—,6pgg"
R465,IPS phospholipase C,has_GPR,4,C_mi,YALI1D23128g,"WATER,MNXM531687,—,MNXM1107797","h2o,—,—,6pgg"
R466,IPS phospholipase C,has_GPR,4,C_mi,YALI1D23128g,"WATER,MNXM61054,—,MNXM1107797","h2o,—,—,6pgg"
R467,IPS phospholipase C,has_GPR,4,C_mi,YALI1D23128g,"WATER,MNXM157598,MNXM1513336,—","h2o,—,—,—"
R468,IPS phospholipase C,has_GPR,4,C_mi,YALI1D23128g,"WATER,MNXM57454,MNXM1513336,—","h2o,—,—,—"
R469,IPS phospholipase C,has_GPR,4,C_mi,YALI1D23128g,"WATER,MNXM57463,—,—","h2o,—,—,—"
R470,IPS phospholipase C,has_GPR,4,C_mi,YALI1D23128g,"WATER,MNXM57453,—,—","h2o,—,—,—"
R471,IPS phospholipase C,has_GPR,4,C_mi,YALI1D23128g,"WATER,MNXM57470,—,—","h2o,—,—,—"
R472,IPS phospholipase C,has_GPR,4,C_mi,YALI1D23128g,"WATER,MNXM57453,—,—","h2o,—,—,—"
R473,IPS phospholipase C,has_GPR,4,C_mi,YALI1D23128g,"WATER,MNXM57468,—,—","h2o,—,—,—"
R474,IPS phospholipase C,has_GPR,4,C_mi,YALI1D23128g,"WATER,MNXM156797,—,—","h2o,—,—,—"
R475,IPS phospholipase C,has_GPR,4,C_mi,YALI1D23128g,"WATER,MNXM57467,—,—","h2o,—,—,—"
R476,IPS phospholipase C,has_GPR,4,C_mi,YALI1D23128g,"WATER,MNXM57457,—,—","h2o,—,—,—"
R477,IPS phospholipase C,has_GPR,4,C_er,YALI1D23128g,"WATER,—,MNXM1513336,MNXM1364687","h2o,—,—,mi1p__D"
R478,IPS phospholipase C,has_GPR,4,C_er,YALI1D23128g,"WATER,MNXM159914,MNXM1513336,MNXM1364687","h2o,—,—,mi1p__D"
R479,IPS phospholipase C,has_GPR,4,C_er,YALI1D23128g,"WATER,MNXM159904,—,MNXM1364687","h2o,—,—,mi1p__D"
R480,IPS phospholipase C,has_GPR,4,C_er,YALI1D23128g,"WATER,MNXM159913,—,MNXM1364687","h2o,—,—,mi1p__D"
R481,IPS phospholipase C,has_GPR,4,C_er,YALI1D23128g,"WATER,MNXM159904,—,MNXM1364687","h2o,—,—,mi1p__D"
R482,IPS phospholipase C,has_GPR,4,C_er,YALI1D23128g,"WATER,MNXM159913,—,MNXM1364687","h2o,—,—,mi1p__D"
R483,IPS phospholipase C,has_GPR,4,C_er,YALI1D23128g,"WATER,MNXM527428,—,MNXM1364687","h2o,—,—,mi1p__D"
R484,IPS phospholipase C,has_GPR,4,C_er,YALI1D23128g,"WATER,MNXM105743,—,MNXM1364687","h2o,—,—,mi1p__D"
R485,IPS phospholipase C,has_GPR,4,C_er,YALI1D23128g,"WATER,MNXM1107465,—,MNXM1364687","h2o,—,—,mi1p__D"
R486,IPS phospholipase C,has_GPR,4,C_er,YALI1D23128g,"WATER,MNXM527427,—,MNXM1364687","h2o,—,—,mi1p__D"
R530,lysophosphatidylcholine acyltransferase,no_GPR,4,C_mm,,"MNXM1107996,MNXM1136895,MNXM1093823,MNXM1094981","—,—,pc_TB,—"
R567,NAD nucleosidase nuclear,has_GPR,5,C_nu,YALI1D26320g or YALI1D02416g or YALI1F15334g,"WATER,MNXM64096,MNXM1,MNXM1508085,MNXM216","h2o,—,h,—,ncam"
R572,NADH kinase mitochondrial,has_GPR,4,C_mi,YALI1E28545g or YALI1E32908g or YALI1E21312g,"MNXM10,MNXM3,MNXM738702,MNXM40333","nadh,atp,nadph,adp"
R583,nucleoside diphosphatase,has_GPR,4,C_cy,YALI1C27061g,"WATER,MNXM40333,MNXM9,MNXM728294","h2o,adp,pi,amp"
R585,nucleoside diphosphatase,has_GPR,4,C_cy,YALI1C27061g,"MNXM1102128,WATER,MNXM9,MNXM1104823","udp,h2o,pi,ump"
R587,nucleoside diphosphatase,has_GPR,4,C_cy,YALI1C27061g,"WATER,MNXM1102191,MNXM9,MNXM1103302","h2o,cdp,pi,cmp"
R588,nucleoside diphosphatase,has_GPR,4,C_cy,YALI1C27061g,"WATER,MNXM1104559,MNXM9,MNXM1101868","h2o,idp,pi,imp"
R604,O-acetylhomoserine (thiol)-lyase,has_GPR,4,C_cy,YALI1D33380g,"MNXM1371312,MNXM652,MNXM738804,MNXM26","—,ch4s,met__L,ac"
R605,O-acetylhomoserine (thiol)-lyase,has_GPR,5,C_cy,YALI1D33380g,"MNXM1371312,MNXM1366460,MNXM1,MNXM123,MNXM26","—,HC00250,h,hcys__L,ac"
R628,phopshoribosylaminoimidazole synthetase,has_GPR,5,C_cy,YALI1F27904g,"MNXM3,MNXM1363644,MNXM9,MNXM40333,MNXM1105983","atp,fpram,pi,adp,air"
R656,phosphoribosylglycinamidine synthetase,has_GPR,6,C_cy,YALI1F27904g,"MNXM3,MNXM12053,MNXM1363982,MNXM9,MNXM40333,MNXM1104522","atp,—,pram,pi,adp,gar"
R702,ribonucleoside-triphosphate reductase (ATP),has_GPR,5,C_cy,YALI1F02309g,"MNXM3,—,WATER,MNXM286,—","atp,—,h2o,datp,—"
R703,ribonucleoside-triphosphate reductase (CTP),has_GPR,5,C_cy,YALI1F02309g,"MNXM1103718,—,WATER,MNXM360,—","ctp,—,h2o,dctp,—"
R704,ribonucleoside-triphosphate reductase (GTP),has_GPR,5,C_cy,YALI1F02309g,"MNXM1103553,—,WATER,—,MNXM344","gtp,—,h2o,—,dgtp"
R735,spontaneous cis-aconitate(3-) to trans-aconitate,no_GPR,3,C_mi,,"MNXM1092518,MNXM728255,MNXM1","HC00342,acon_T,h"
R736,spontaneous cis-aconitate(3-) to trans-aconitate,no_GPR,3,C_cy,,"MNXM1092518,MNXM728255,MNXM1","HC00342,acon_T,h"
R746,taurcholate via ABC system,transport,6,"C_cy,C_va",YALI1E17258g,"WATER,MNXM3,MNXM1374459,MNXM9,MNXM40333,MNXM1374459","h2o,atp,—,pi,adp,—"
R807,2-oxoadipate and 2-oxoglutarate transport,transport,4,"C_cy,C_mi",YALI1D03221g,"MNXM1107192,MNXM263,MNXM263,MNXM1107192","mal__L,2oxoadp,2oxoadp,mal__L"
R809,4-aminobutyrate transport,transport,4,"C_cy,C_ex",YALI1B12781g or YALI1D18890g or YALI1A03512g or YALI1A07103g or YALI1A20528g or YALI1D00515g or YALI1D21631g or YALI1E08575g or YALI1F01755g,"MNXM1,MNXM1144700,MNXM1,MNXM1144700","h,—,h,—"
R812,8-Amino-7-oxononanoate transport,transport,4,"C_cy,C_ex",YALI1F01755g or YALI1A20528g or YALI1E08575g or YALI1D21631g or YALI1A03512g or YALI1D00515g or YALI1E21552g or YALI1A07103g,"MNXM1,MNXM1412591,MNXM1,MNXM1412591","h,—,h,—"
R820,ammonia transport,transport,2,"C_cy,C_ex",YALI1E32180g or YALI1F17337g or YALI1C32609g or YALI1A20201g or YALI1F22568g or YALI1A02653g or YALI1B18292g,"MNXM1227817,MNXM1227817","—,—"
R821,AMP/ATP transporter,transport,6,"C_cy,C_pe",YALI1E03623g,"MNXM1,MNXM3,MNXM728294,MNXM1,MNXM728294,MNXM3","h,atp,amp,h,amp,atp"
R822,aspartate transport,transport,4,"C_cy,C_mi",YALI1D34529g,"MNXM1,MNXM1364497,MNXM1,MNXM1364497","h,asp__L,h,asp__L"
R826,ceramide-2' (sphinganine:n-C24:0OH) transport,transport,2,"C_er,C_go",,"—,—","—,—"
R827,ceramide-2' (sphinganine:n-C26:0OH) transport,transport,2,"C_er,C_go",,"—,—","—,—"
R828,ceramide-3 (Phytosphingosine:n-C24:0OH) transport,transport,2,"C_er,C_go",,"—,—","—,—"
R829,ceramide-3 (Phytosphingosine:n-C26:0OH) transport,transport,2,"C_er,C_go",,"—,—","—,—"
R830,choline transport,transport,4,"C_cy,C_ex",YALI1A18514g,"MNXM1,MNXM90,MNXM1,MNXM90","h,chol,h,chol"
R837,cytidine transport,transport,4,"C_cy,C_ex",YALI1C32156g,"MNXM1,MNXM1363925,MNXM1,MNXM1363925","h,cytd,h,cytd"
R843,D-mannose transport,transport,4,"C_cy,C_ex",YALI1F25587g,"MNXM1,MNXM1364107,MNXM1,MNXM1364107","h,man,h,man"
R849,folic acid transport,transport,2,"C_cy,C_ex",,"MNXM617,MNXM617","fol,fol"
R862,inositol transport,transport,4,"C_cy,C_ex",YALI1F31381g,"MNXM1,MNXM1105941,MNXM1,MNXM1105941","h,inost,h,inost"
R869,L-asparagine transport,transport,4,"C_cy,C_va",YALI1F37658g,"MNXM1107821,MNXM1,MNXM1,MNXM1107821","asn__L,h,h,asn__L"
R870,L-aspartate transport,transport,4,"C_cy,C_va",YALI1E13514g,"MNXM1,MNXM1107821,MNXM1,MNXM1107821","h,asn__L,h,asn__L"
R878,L-glutamine transport,transport,4,"C_cy,C_va",YALI1F37658g,"MNXM37,MNXM1,MNXM1,MNXM37","gln__L,h,h,gln__L"
R879,L-glutamine transport,transport,4,"C_cy,C_va",YALI1E13514g,"MNXM1,MNXM37,MNXM1,MNXM37","h,gln__L,h,gln__L"
R882,L-isoleucine transport,transport,4,"C_cy,C_va",YALI1F37658g,"MNXM728337,MNXM1,MNXM1,MNXM728337","ile__L,h,h,ile__L"
R883,L-isoleucine transport,transport,4,"C_cy,C_va",YALI1C04798g or YALI1E13514g,"MNXM1,MNXM728337,MNXM1,MNXM728337","h,ile__L,h,ile__L"
R886,L-lactate transport,transport,4,"C_cy,C_ex",YALI1C21946g or YALI1C29538g or YALI1D25400g or YALI1D32568g or YALI1B25506g or YALI1E39128g,"MNXM1,MNXM1371363,MNXM1371363,MNXM1","h,lac__L,lac__L,h"
R887,"L-leucine transport, vacuoluar",transport,4,"C_cy,C_va",YALI1F37658g,"MNXM1106761,MNXM1,MNXM1,MNXM1106761","leu__L,h,h,leu__L"
R888,"L-leucine transport, vacuoluar",transport,4,"C_cy,C_va",YALI1E13514g or YALI1C04798g,"MNXM1,MNXM1106761,MNXM1,MNXM1106761","h,leu__L,h,leu__L"
R908,octadecanoate (n-C18:0) transport,transport,2,"C_cy,C_pe",,"MNXM100233,MNXM100233","—,—"
R909,ornithine transport,transport,4,"C_cy,C_mi",YALI1D08734g,"MNXM1,MNXM741174,MNXM1,MNXM741174","h,—,h,—"
R914,phosphate transport,transport,4,"C_cy,C_ex",YALI1E28300g or YALI1E36540g or YALI1D10768g or YALI1A15132g or YALI1A22275g,"MNXM9,MNXM1,MNXM1,MNXM9","pi,h,h,pi"
R915,phosphate transport,transport,4,"C_cy,C_mi",YALI1C07423g or YALI1F19090g,"MNXM1,MNXM9,MNXM1,MNXM9","h,pi,h,pi"
R917,putrescine transport,transport,4,"C_cy,C_ex",YALI1A07014g or YALI1F05509g or YALI1C05972g or YALI1F10342g or YALI1E13329g or YALI1B23017g or YALI1D26438g or YALI1D22274g or YALI1F18835g or YALI1F37272g or YALI1A11654g or YALI1E32118g or YALI1C10293g or YALI1D32619g or YALI1A00661g or YALI1C15048g or YALI1F05574g or YALI1B11448g or YALI1D27808g or YALI1C01129g or YALI1B27564g or YALI1A17640g or YALI1D25359g or YALI1C24488g or YALI1E25364g or YALI1A19862g or YALI1A15624g or YALI1F18429g or YALI1F32910g or YALI1F11396g or YALI1F04185g or YALI1C06006g,"MNXM1,MNXM118,MNXM1,MNXM118","h,ptrc,h,ptrc"
R918,putrescine transport,transport,4,"C_cy,C_va",YALI1A15624g or YALI1F10342g,"MNXM118,MNXM1,MNXM1,MNXM118","ptrc,h,h,ptrc"
R919,pyruvate transport,transport,4,"C_cy,C_ex",YALI1C21946g or YALI1C29538g or YALI1D25400g or YALI1D32568g or YALI1B25506g or YALI1E39128g,"MNXM1,MNXM23,MNXM23,MNXM1","h,pyr,pyr,h"
R930,sulfate uniport,transport,2,"C_cy,C_ex",YALI1F30179g or YALI1B23237g,"—,—","—,—"
R931,sulfite transport,transport,2,"C_cy,C_ex",YALI1E28779g,"MNXM726340,MNXM726340","—,—"
R933,thiamine diphosphate transport,transport,2,"C_cy,C_mi",YALI1F26924g,"—,—","—,—"
R934,thiamine transport,transport,4,"C_cy,C_ex",YALI1D25037g,"MNXM1,MNXM730135,MNXM1,MNXM730135","h,thm,h,thm"
R937,uridine transport,transport,4,"C_cy,C_ex",YALI1D07232g,"MNXM1,MNXM1103104,MNXM1,MNXM1103104","h,uri,h,uri"
R940,water diffusion,transport,2,"C_cy,C_ex",YALI1F01981g,"WATER,WATER","h2o,h2o"
R941,(1-3)-beta-D-glucan exchange,exchange,1,C_ex,,MNXM733735,—
R942,(1-3)-beta-D-glucan transport,transport,2,"C_cy,C_en",,"MNXM733735,MNXM733735","—,—"
R947,"(R,R)-2,3-butanediol exchange",exchange,1,C_ex,,—,—
R951,1-acylglycerophosphocholine exchange,exchange,1,C_ex,,MNXM1107996,—
R952,"1D-myo-inositol 1,3,4,5,6-pentakisphosphate diffusion",transport,2,"C_cy,C_nu",,"—,—","—,—"
R960,2-isopropylmalate exchange,exchange,1,C_ex,,MNXM730930,—
R967,3-carboxy-4-methyl-2-oxopentanoate transport,transport,2,"C_cy,C_mi",,"MNXM1091708,MNXM1091708","2ip3os,2ip3os"
R975,4-aminobutyrate transport,transport,2,"C_cy,C_mi",,"MNXM1144700,MNXM1144700","—,—"
R992,"7,8-diaminononanoate exchange",exchange,1,C_ex,,MNXM1222445,—
R993,"7,8-diaminononanoate transport",transport,2,"C_cy,C_ex",,"MNXM1222445,MNXM1222445","—,—"
R994,8-amino-7-oxononanoate exchange,exchange,1,C_ex,,MNXM1412591,—
R1013,"alpha,alpha-trehalose exchange",exchange,1,C_ex,,MNXM1106024,—
R1016,ammonium exchange,exchange,1,C_ex,,MNXM1227817,—
R1024,bicarbonate formation,no_GPR,4,C_mi,,"WATER,MNXM13,MNXM1,MNXM1094693","h2o,co2,h,h2co3"
R1025,bicarbonate formation,no_GPR,4,C_nu,,"WATER,MNXM13,MNXM1,MNXM1094693","h2o,co2,h,h2co3"
R1026,bicarbonate formation,no_GPR,4,C_cy,,"WATER,MNXM13,MNXM1,MNXM1094693","h2o,co2,h,h2co3"
R1027,bicarbonate formation,no_GPR,4,C_ex,,"WATER,MNXM13,MNXM1,MNXM1094693","h2o,co2,h,h2co3"
R1034,ceramide transport,transport,2,"C_er,C_go",,"MNXM1513336,MNXM1513336","—,—"
R1035,ceramide transport,transport,2,"C_er,C_go",,"—,—","—,—"
R1036,ceramide transport,transport,2,"C_er,C_go",,"—,—","—,—"
R1037,ceramide transport,transport,2,"C_er,C_go",,"MNXM1513336,MNXM1513336","—,—"
R1038,ceramide transport,transport,2,"C_er,C_go",,"—,—","—,—"
R1039,ceramide transport,transport,2,"C_er,C_go",,"—,—","—,—"
R1057,complex sphingolipid transport,transport,2,"C_cy,C_go",,"—,—","—,—"
R1062,D-arabinose exchange,exchange,1,C_ex,,MNXM48397,—
R1063,D-arabinose transport,transport,2,"C_cy,C_ex",,"MNXM48397,MNXM48397","—,—"
R1068,D-glucitol exchange,exchange,1,C_ex,,MNXM1104589,—
R1073,D-sorbitol transport,transport,2,"C_cy,C_ex",,"MNXM1104589,MNXM1104589","—,—"
R1078,ATP deamination,no_GPR,4,C_cy,,"WATER,MNXM3,MNXM1227817,MNXM1103428","h2o,atp,—,itp"
R1079,dATP deamination,no_GPR,5,C_cy,,"WATER,MNXM286,MNXM1,MNXM1227817,MNXM728062","h2o,datp,h,—,ditp"
R1080,ADP deamination,no_GPR,4,C_cy,,"WATER,MNXM40333,MNXM1227817,MNXM1104559","h2o,adp,—,idp"
R1087,deoxycytidine transport,transport,2,"C_cy,C_ex",,"MNXM1512168,MNXM1512168","—,—"
R1118,"laurate (n-C12:0) transport, cytoplasm-peroxisome",transport,2,"C_cy,C_pe",YALI1C05386g,"MNXM100679,MNXM100679","—,—"
R1119,"myristate (n-C14:0) transport, cytoplasm-peroxisome",transport,2,"C_cy,C_pe",YALI1C05386g,"MNXM100009,MNXM100009","—,—"
R1120,"palmitate (n-C16:0) transport, cytoplasm-peroxisome",transport,2,"C_cy,C_pe",YALI1C05386g,"MNXM100228,MNXM100228","—,—"
R1121,"palmitoleate (n-C16:1) transport, cytoplasm-peroxisome",transport,2,"C_cy,C_pe",YALI1C05386g,"MNXM100069,MNXM100069","—,—"
R1123,myristate (n-C14:0) transport,transport,2,"C_cy,C_ex",,"MNXM100009,MNXM100009","—,—"
R1134,gamma-aminobutyrate exchange,exchange,1,C_ex,,MNXM1144700,—
R1144,glycine transport,transport,2,"C_cy,C_mi",,"MNXM12053,MNXM12053","—,—"
R1165,hexacosanoyl-CoA transport,transport,2,"C_cy,C_er",,"MNXM1093160,MNXM1093160","hexcoa,hexcoa"
R1167,hexadecanoate (n-C16:0) transport,transport,2,"C_cy,C_ex",,"MNXM100228,MNXM100228","—,—"
R1168,hexadecenoate (n-C16:1) transport,transport,2,"C_cy,C_ex",,"MNXM100069,MNXM100069","—,—"
R1179,IPC transport,transport,2,"C_er,C_go",,"—,—","—,—"
R1180,IPC transport,transport,2,"C_er,C_go",,"MNXM159904,MNXM159904","—,—"
R1181,IPC transport,transport,2,"C_er,C_go",,"MNXM159904,MNXM159904","—,—"
R1182,IPC transport,transport,2,"C_er,C_go",,"MNXM527428,MNXM527428","—,—"
R1183,IPC transport,transport,2,"C_er,C_go",,"MNXM1107465,MNXM1107465","—,—"
R1184,IPC transport,transport,2,"C_er,C_go",,"MNXM159914,MNXM159914","—,—"
R1185,IPC transport,transport,2,"C_er,C_go",,"MNXM159913,MNXM159913","—,—"
R1186,IPC transport,transport,2,"C_er,C_go",,"MNXM159913,MNXM159913","—,—"
R1187,IPC transport,transport,2,"C_er,C_go",,"MNXM105743,MNXM105743","—,—"
R1188,IPC transport,transport,2,"C_er,C_go",,"MNXM527427,MNXM527427","—,—"
R1189,iron(2+) exchange,exchange,1,C_ex,,—,—
R1193,isoamylol exchange,exchange,1,C_ex,,MNXM1107133,—
R1194,L-1-pyrroline-3-hydroxy-5-carboxylate spontaneous conversion to L-4-hydroxyglutamate semialdehyde,no_GPR,4,C_mi,,"WATER,MNXM1,MNXM1372468,MNXM1114815","h2o,h,—,—"
R1229,L-sorbose exchange,exchange,1,C_ex,,MNXM729623,—
R1230,L-sorbose transport,transport,2,"C_cy,C_ex",,"MNXM729623,MNXM729623","—,—"
R1236,laurate exchange,exchange,1,C_ex,,MNXM100679,—
R1238,M(IP)2C transport,transport,2,"C_er,C_go",,"MNXM157598,MNXM157598","—,—"
R1239,M(IP)2C transport,transport,2,"C_er,C_go",,"MNXM57470,MNXM57470","—,—"
R1240,M(IP)2C transport,transport,2,"C_er,C_go",,"MNXM57463,MNXM57463","—,—"
R1241,M(IP)2C transport,transport,2,"C_er,C_go",,"MNXM57468,MNXM57468","—,—"
R1242,M(IP)2C transport,transport,2,"C_er,C_go",,"MNXM57467,MNXM57467","—,—"
R1243,M(IP)2C transport,transport,2,"C_er,C_go",,"MNXM57454,MNXM57454","—,—"
R1244,M(IP)2C transport,transport,2,"C_er,C_go",,"MNXM57453,MNXM57453","—,—"
R1245,M(IP)2C transport,transport,2,"C_er,C_go",,"MNXM57453,MNXM57453","—,—"
R1246,M(IP)2C transport,transport,2,"C_er,C_go",,"MNXM156797,MNXM156797","—,—"
R1247,M(IP)2C transport,transport,2,"C_er,C_go",,"MNXM57457,MNXM57457","—,—"
R1250,mannan transport,transport,2,"C_cy,C_er",,"MNXM1108024,MNXM1108024","—,—"
R1253,MIPC transport,transport,2,"C_er,C_go",,"MNXM158006,MNXM158006","—,—"
R1254,MIPC transport,transport,2,"C_er,C_go",,"MNXM157996,MNXM157996","—,—"
R1255,MIPC transport,transport,2,"C_er,C_go",,"MNXM157996,MNXM157996","—,—"
R1256,MIPC transport,transport,2,"C_er,C_go",,"MNXM61065,MNXM61065","—,—"
R1257,MIPC transport,transport,2,"C_er,C_go",,"MNXM531687,MNXM531687","—,—"
R1258,MIPC transport,transport,2,"C_er,C_go",,"MNXM106432,MNXM106432","—,—"
R1259,MIPC transport,transport,2,"C_er,C_go",,"MNXM157997,MNXM157997","—,—"
R1260,MIPC transport,transport,2,"C_er,C_go",,"MNXM157997,MNXM157997","—,—"
R1261,MIPC transport,transport,2,"C_er,C_go",,"MNXM61055,MNXM61055","—,—"
R1262,MIPC transport,transport,2,"C_er,C_go",,"MNXM61054,MNXM61054","—,—"
R1270,NMN transport,transport,2,"C_cy,C_nu",,"—,—","—,—"
R1271,NMN transport,transport,2,"C_cy,C_pe",,"—,—","—,—"
R1272,NMN transport,transport,2,"C_cy,C_ex",,"—,—","—,—"
R1275,O-acetylcarnintine transport into mitochondria,transport,2,"C_cy,C_mi",,"MNXM1130055,MNXM1130055","—,—"
R1280,octadecanoate (n-C18:0) transport,transport,2,"C_cy,C_ex",,"MNXM100233,MNXM100233","—,—"
R1288,palmitate exchange,exchange,1,C_ex,,MNXM100228,—
R1289,palmitoleate exchange,exchange,1,C_ex,,MNXM100069,—
R1291,panthetheine 4'-phosphate transport,transport,2,"C_cy,C_mi",,"—,—","—,—"
R1298,potassium exchange,exchange,1,C_ex,,—,—
R1304,pyridoxamine phosphatase,no_GPR,4,C_cy,,"WATER,MNXM366,MNXM9,MNXM548","h2o,pyam5p,pi,pydam"
R1311,pyruvate transport,transport,4,"C_cy,C_mi",,"MNXM23,MNXM1,MNXM23,MNXM1","pyr,h,pyr,h"
R1329,stearate exchange,exchange,1,C_ex,,MNXM100233,—
R1333,sulphate exchange,exchange,1,C_ex,,—,—
R1334,sulphite exchange,exchange,1,C_ex,,MNXM726340,—
R1339,thiamine(1+) diphosphate(1-) exchange,exchange,1,C_ex,,—,—
R1341,thiamine(1+) monophosphate exchange,exchange,1,C_ex,,MNXM1137754,—
R1344,thiazole phosphate synthesis (xylulose 5-phosphate),no_GPR,12,C_cy,,"MNXM1,MNXM12053,MNXM738068,MNXM1371312,MNXM186,MNXM23,WATER,MNXM1227817,MNXM13,MNXM1144700,MNXM26,—","h,—,cys__L,—,xu5p__D,pyr,h2o,—,co2,—,ac,—"
R1358,water diffusion,transport,2,"C_cy,C_er",,"WATER,WATER","h2o,h2o"
R1359,water diffusion,transport,2,"C_cy,C_go",,"WATER,WATER","h2o,h2o"
R1360,water diffusion,transport,2,"C_cy,C_mi",,"WATER,WATER","h2o,h2o"
R1361,water diffusion,transport,2,"C_cy,C_nu",,"WATER,WATER","h2o,h2o"
R1362,water diffusion,transport,2,"C_cy,C_pe",,"WATER,WATER","h2o,h2o"
R1363,water diffusion,transport,2,"C_cy,C_va",,"WATER,WATER","h2o,h2o"
R1371,lipid pseudoreaction,no_GPR,16,C_cy,,"MNXM1555803,MNXM1109,MNXM738369,MNXM1370094,MNXM731707,MNXM736942,MNXM741449,—,MNXM1364164,—,MNXM739606,MNXM1371412,MNXM1093823,MNXM1093921,MNXM1564104,MNXM1092077","—,ergtetrol,zymst,epist,fecost,lanost,ergst,—,—,—,—,—,pc_TB,pe_LM,—,LIPID"
R1374,kynurenine aminotransferase,has_GPR,5,C_cy,YALI1E34072g,"MNXM23,MNXM733142,MNXM1105732,MNXM1108582,WATER","pyr,Lkynr,ala__L,—,h2o"
R1375,spontaneous kynurenic acid to quinaldic acid,no_GPR,2,C_cy,,"MNXM1108582,—","—,—"
R1376,spontaneous 2-amino-3-carboxymuconate-6-semialdehyde to quinolinate,no_GPR,4,C_cy,,"MNXM1364154,MNXM1,WATER,MNXM555","—,h,h2o,quln"
R1383,sedoheptulose bisphosphatase,has_GPR,4,C_cy,YALI1D11686g,"MNXM1128503,WATER,MNXM9,MNXM1512793","—,h2o,pi,—"
R1387,yeast 6 biomass pseudoreaction,transport,62,"C_cy,C_en",,"MNXM165456,WATER,MNXM728294,MNXM432,MNXM1101285,MNXM1103302,MNXM3,MNXM1104823,MNXM741211,MNXM1106024,MNXM741232,MNXM741178,MNXM164570,MNXM729661,MNXM266,MNXM736654,MNXM257,MNXM738130,MNXM741207,—,MNXM741184,MNXM741220,MNXM741227,MNXM739508,MNXM741245,MNXM28,MNXM741198,MNXM732985,MNXM270,MNXM165150,—,MNXM741237,MNXM741201,MNXM741217,MNXM741268,MNXM733735,MNXM1108024,MNXM1092077,MNXM1,MNXM9,MNXM40333,MNXM1091267,MNXM1091268,MNXM1091269,MNXM1091270,MNXM1091271,MNXM1091272,MNXM1091273,MNXM1091274,MNXM1091275,MNXM1091276,MNXM1091234,MNXM1091290,MNXM1091277,MNXM1091278,MNXM1091292,MNXM1091279,MNXM1091280,MNXM1091281,MNXM1091294,MNXM1091282,BIOMASS","16BDglcn,h2o,amp,damp,gmp,cmp,atp,ump,—,—,—,—,—,—,dcmp,dgmp,dtmp,glycogen,—,—,—,—,—,—,—,—,—,—,ribflv,—,—,—,—,—,—,—,—,LIPID,h,pi,adp,—,—,—,—,—,—,—,—,—,—,—,—,—,—,—,—,—,—,—,—,—"
R1388,14-demethyllanosterol exchange,exchange,1,C_ex,,MNXM1555803,—
R1389,14-demethyllanosterol transport,transport,2,"C_cy,C_ex",,"MNXM1555803,MNXM1555803","—,—"
R1394,B-ketoacyl-ACP synthase (acetoacetyl-ACP),has_GPR,6,C_mi,YALI1F38317g and YALI1D18037g,"MNXM1,MNXM1563880,—,MNXM13,—,MNXM1563636","h,—,—,co2,—,—"
R1395,B-ketoacyl-ACP synthase (3-oxo-hexanoyl-ACP),has_GPR,6,C_mi,YALI1F38317g and YALI1D18037g,"MNXM1,—,MNXM1091239,MNXM13,—,MNXM1091240","h,—,—,co2,—,—"
R1396,B-ketoacyl-ACP synthase (3-oxo-octanoyl-ACP),has_GPR,6,C_mi,YALI1F38317g and YALI1D18037g,"MNXM1,—,MNXM1563641,MNXM13,—,MNXM1091244","h,—,—,co2,—,—"
R1398,3-oxoacyl-ACP reductase (3-hydroxyhexanoyl-ACP),has_GPR,5,C_mi,YALI1F37498g,"MNXM1,MNXM738702,MNXM1091240,MNXM5,MNXM10029","h,nadph,—,nadp,—"
R1399,3-oxoacyl-ACP reductase (3-hydroxyoctanoyl-ACP),has_GPR,5,C_mi,YALI1F37498g,"MNXM1,MNXM738702,MNXM1091244,MNXM5,MNXM10033","h,nadph,—,nadp,—"
R1401,3-hydroxyacyl-thioester dehydratase (trans-hex-2-enoyl-ACP),has_GPR,3,C_mi,YALI1A20089g,"MNXM10029,WATER,MNXM1091734","—,h2o,2theACP"
R1402,3-hydroxyacyl-thioester dehydratase (trans-oct-2-enoyl-ACP),has_GPR,3,C_mi,YALI1A20089g,"MNXM10033,WATER,MNXM1091738","—,h2o,2toceACP"
R1437,laurate (n-C12:0) transport,transport,2,"C_cy,C_ex",,"MNXM100679,MNXM100679","—,—"
R1438,butyrate exchange,exchange,1,C_ex,,—,—
R1440,oleate exchange,exchange,1,C_ex,,MNXM100005,—
R1441,butyrate (n-C4:0) transport,transport,2,"C_cy,C_ex",YALI1E20016g,"—,—","—,—"
R1443,octadecenoate (n-C18:1) transport,transport,2,"C_cy,C_ex",,"MNXM100005,MNXM100005","—,—"
R1444,myristate exchange,exchange,1,C_ex,,MNXM100009,—
R1445,"fatty-acid--CoA ligase (dodecanoate), ER membrane",has_GPR,6,C_em,YALI1D22124g,"MNXM1094981,MNXM3,MNXM100679,MNXM11,MNXM734853,MNXM728294","—,atp,—,ppi,—,amp"
R1448,"fatty-acid--CoA ligase (hexadecenoate), ER membrane",has_GPR,6,C_em,YALI1D22124g,"MNXM1094981,MNXM3,MNXM100069,MNXM1108357,MNXM11,MNXM728294","—,atp,—,—,ppi,amp"
R1450,"fatty-acid--CoA ligase (octadecenoate), ER membrane",has_GPR,6,C_em,YALI1D22124g,"MNXM1094981,MNXM3,MNXM100005,MNXM1511591,MNXM11,MNXM728294","—,atp,—,—,ppi,amp"
R1451,"fatty-acid--CoA ligase (dodecanoate), lipid particle",has_GPR,6,C_lp,YALI1D22124g,"MNXM1094981,MNXM3,MNXM100679,MNXM11,MNXM728294,MNXM734853","—,atp,—,ppi,amp,—"
R1454,"fatty-acid--CoA ligase (hexadecenoate), lipid particle",has_GPR,6,C_lp,YALI1D22124g,"MNXM1094981,MNXM3,MNXM100069,MNXM11,MNXM728294,MNXM1108357","—,atp,—,ppi,amp,—"
R1456,"fatty-acid--CoA ligase (octadecenoate), lipid particle",has_GPR,6,C_lp,YALI1D22124g,"MNXM1094981,MNXM3,MNXM100005,MNXM11,MNXM728294,MNXM1511591","—,atp,—,ppi,amp,—"
R1457,"fatty-acid--CoA ligase (hexadecenoate), peroxisome",has_GPR,6,C_pe,YALI1E19172g,"MNXM1094981,MNXM3,MNXM100069,MNXM728294,MNXM11,MNXM1108357","—,atp,—,amp,ppi,—"
R1459,"fatty-acid--CoA ligase (octadecenoate), peroxisome",has_GPR,6,C_pe,YALI1E19172g,"MNXM1094981,MNXM3,MNXM100005,MNXM728294,MNXM11,MNXM1511591","—,atp,—,amp,ppi,—"
R1461,"fatty-acid--CoA ligase (behenate), cell envelope",has_GPR,6,C_en,YALI1D22124g,"MNXM3,MNXM1094981,—,MNXM728294,MNXM11,MNXM1092601","atp,—,—,amp,ppi,behencoa"
R1462,"fatty-acid--CoA ligase (lignoceric acid), cell envelope",has_GPR,6,C_en,YALI1D22124g,"MNXM3,MNXM1094981,MNXM100400,MNXM728294,MNXM11,MNXM1104012","atp,—,—,amp,ppi,lgnccoa"
R1463,"fatty-acid--CoA ligase (cerotic acid), cell envelope",has_GPR,6,C_en,YALI1D22124g,"MNXM3,MNXM1094981,MNXM100479,MNXM728294,MNXM11,MNXM1093160","atp,—,—,amp,ppi,hexcoa"
R1464,"fatty-acid--CoA ligase (behenate), ER membrane",has_GPR,6,C_em,YALI1D22124g,"MNXM1094981,MNXM3,—,MNXM11,MNXM1092601,MNXM728294","—,atp,—,ppi,behencoa,amp"
R1465,"fatty-acid--CoA ligase (lignoceric acid), ER membrane",has_GPR,6,C_em,YALI1D22124g,"MNXM1094981,MNXM3,MNXM100400,MNXM11,MNXM1104012,MNXM728294","—,atp,—,ppi,lgnccoa,amp"
R1466,"fatty-acid--CoA ligase (cerotic acid), ER membrane",has_GPR,6,C_em,YALI1D22124g,"MNXM1094981,MNXM3,MNXM100479,MNXM11,MNXM1093160,MNXM728294","—,atp,—,ppi,hexcoa,amp"
R1467,"fatty-acid--CoA ligase (behenate), lipid particle",has_GPR,6,C_lp,YALI1D22124g,"MNXM1094981,MNXM3,—,MNXM11,MNXM728294,MNXM1092601","—,atp,—,ppi,amp,behencoa"
R1468,"fatty-acid--CoA ligase (lignoceric acid), lipid particle",has_GPR,6,C_lp,YALI1D22124g,"MNXM1094981,MNXM3,MNXM100400,MNXM11,MNXM728294,MNXM1104012","—,atp,—,ppi,amp,lgnccoa"
R1469,"fatty-acid--CoA ligase (cerotic acid), lipid particle",has_GPR,6,C_lp,YALI1D22124g,"MNXM1094981,MNXM3,MNXM100479,MNXM11,MNXM728294,MNXM1093160","—,atp,—,ppi,amp,hexcoa"
R1470,fatty acyl-CoA transport via ABC system (C12:0),transport,6,"C_cy,C_pe",YALI1D05320g and YALI1A06361g,"WATER,MNXM3,MNXM734853,MNXM9,MNXM40333,MNXM734853","h2o,atp,—,pi,adp,—"
R1471,fatty acyl-CoA transport via ABC system (C14:0),transport,6,"C_cy,C_pe",YALI1D05320g and YALI1A06361g,"WATER,MNXM3,MNXM1093407,MNXM9,MNXM40333,MNXM1093407","h2o,atp,myrstcoa,pi,adp,myrstcoa"
R1472,fatty acyl-CoA transport via ABC system (C16:0),transport,6,"C_cy,C_pe",YALI1D05320g and YALI1A06361g,"WATER,MNXM3,MNXM1093693,MNXM9,MNXM40333,MNXM1093693","h2o,atp,palmcoa,pi,adp,palmcoa"
R1473,fatty acyl-CoA transport via ABC system (C16:1),transport,6,"C_cy,C_pe",YALI1D05320g and YALI1A06361g,"WATER,MNXM3,MNXM1108357,MNXM9,MNXM40333,MNXM1108357","h2o,atp,—,pi,adp,—"
R1474,fatty acyl-CoA transport via ABC system (C18:0),transport,6,"C_cy,C_pe",YALI1D05320g and YALI1A06361g,"WATER,MNXM3,MNXM1094143,MNXM9,MNXM40333,MNXM1094143","h2o,atp,srcoa,pi,adp,srcoa"
R1475,fatty acyl-CoA transport via ABC system (C18:1),transport,6,"C_cy,C_pe",YALI1D05320g and YALI1A06361g,"WATER,MNXM3,MNXM1511591,MNXM9,MNXM40333,MNXM1511591","h2o,atp,—,pi,adp,—"
R1476,fatty acyl-CoA transport via ABC system (C20:0),transport,7,"C_cy,C_pe",YALI1D05320g and YALI1A06361g,"WATER,MNXM3,—,MNXM1,MNXM9,MNXM40333,—","h2o,atp,—,h,pi,adp,—"
R1477,fatty acyl-CoA transport via ABC system (C22:0),transport,6,"C_cy,C_pe",YALI1D05320g and YALI1A06361g,"WATER,MNXM3,MNXM1092601,MNXM9,MNXM40333,MNXM1092601","h2o,atp,behencoa,pi,adp,behencoa"
R1478,fatty acyl-CoA transport via ABC system (C24:0),transport,6,"C_cy,C_pe",YALI1D05320g and YALI1A06361g,"WATER,MNXM3,MNXM1104012,MNXM9,MNXM40333,MNXM1104012","h2o,atp,lgnccoa,pi,adp,lgnccoa"
R1479,fatty acyl-CoA transport via ABC system (C26:0),transport,6,"C_cy,C_pe",YALI1D05320g and YALI1A06361g,"WATER,MNXM3,MNXM1093160,MNXM9,MNXM40333,MNXM1093160","h2o,atp,hexcoa,pi,adp,hexcoa"
R1480,"butyrate (n-C4:0) transport, cytoplasm-peroxisome",transport,2,"C_cy,C_pe",YALI1C05386g,"—,—","—,—"
R1482,"octadecenoate (n-C18:1) transport, cytoplasm-peroxisome",transport,2,"C_cy,C_pe",YALI1C05386g,"MNXM100005,MNXM100005","—,—"
R1483,peroxisomal acyl-CoA thioesterase (4:0),has_GPR,5,C_pe,YALI1F19697g,"WATER,MNXM1092625,MNXM1,MNXM1094981,—","h2o,butcoa,h,—,—"
R1484,peroxisomal acyl-CoA thioesterase (6:0),has_GPR,5,C_pe,YALI1F19697g,"WATER,MNXM1103616,MNXM1,MNXM1094981,MNXM1653","h2o,hxcoa,h,—,caproic"
R1485,peroxisomal acyl-CoA thioesterase (16:1),has_GPR,4,C_pe,YALI1F19697g,"WATER,MNXM1108357,MNXM1094981,MNXM100069","h2o,—,—,—"
R1486,peroxisomal acyl-CoA thioesterase (18:1),has_GPR,4,C_pe,YALI1F19697g,"WATER,MNXM1511591,MNXM1094981,MNXM100005","h2o,—,—,—"
R1487,acyl-CoA oxidase (butanoyl-CoA),has_GPR,4,C_pe,YALI1D32754g or YALI0D27654g or YALI1C32886g,"MNXM735438,MNXM1092625,MNXM732620,MNXM1092626","o2,butcoa,h2o2,butd2coa"
R1488,acyl-CoA oxidase (hexanoyl-CoA),has_GPR,4,C_pe,YALI1D32754g or YALI0D27654g or YALI1C32886g,"MNXM735438,MNXM1103616,MNXM732620,MNXM1093213","o2,hxcoa,h2o2,hxd2coa"
R1489,acyl-CoA oxidase (octanoyl-CoA),has_GPR,4,C_pe,YALI1D32754g or YALI0D27654g or YALI1C32886g,"MNXM1093479,MNXM735438,MNXM732620,MNXM1093470","occoa,o2,h2o2,ocd2coa"
R1490,acyl-CoA oxidase (icosanoyl-CoA),has_GPR,4,C_pe,YALI1F14495g or YALI0D27654g or YALI1C32886g,"MNXM735438,—,MNXM732620,—","o2,—,h2o2,—"
R1491,acyl-CoA oxidase (docosanoyl-CoA),has_GPR,4,C_pe,YALI1F14495g or YALI0D27654g or YALI1C32886g,"MNXM735438,MNXM1092601,MNXM732620,—","o2,behencoa,h2o2,—"
R1492,acyl-CoA oxidase (tetracosanoyl-CoA),has_GPR,4,C_pe,YALI1F14495g or YALI0D27654g or YALI1C32886g,"MNXM1104012,MNXM735438,MNXM732620,—","lgnccoa,o2,h2o2,—"
R1493,acyl-CoA oxidase (palmitoleoyl-CoA),has_GPR,4,C_pe,YALI1F14495g or YALI0D27654g or YALI1C32886g,"MNXM735438,MNXM1108357,MNXM732620,—","o2,—,h2o2,—"
R1494,acyl-CoA oxidase (cis-tetradec-7-enoyl-CoA),has_GPR,4,C_pe,YALI1F14495g or YALI0D27654g or YALI1C32886g,"MNXM735438,—,MNXM732620,—","o2,—,h2o2,—"
R1495,acyl-CoA oxidase (cis-dodec-5-enoyl-CoA),has_GPR,4,C_pe,YALI1F14495g or YALI0D27654g or YALI1C32886g,"MNXM735438,—,MNXM732620,—","o2,—,h2o2,—"
R1496,acyl-CoA oxidase (oleoyl-CoA),has_GPR,4,C_pe,YALI1F14495g or YALI0D27654g or YALI1C32886g,"MNXM735438,MNXM1511591,MNXM732620,—","o2,—,h2o2,—"
R1497,acyl-CoA oxidase (cis-hexadec-7-enoyl-CoA),has_GPR,4,C_pe,YALI1F14495g or YALI0D27654g or YALI1C32886g,"MNXM735438,MNXM1101257,MNXM732620,—","o2,—,h2o2,—"
R1498,acyl-CoA oxidase (cis-tetradec-5-enoyl-CoA),has_GPR,4,C_pe,YALI1F14495g or YALI0D27654g or YALI1C32886g,"MNXM735438,—,MNXM732620,—","o2,—,h2o2,—"
R1557,"ergosteryl ester hydrolase (16:1), lipid particle",has_GPR,4,C_lp,YALI1E37982g or YALI1E00907g,"MNXM52467,WATER,MNXM741449,MNXM100069","—,h2o,ergst,—"
R1558,"ergosteryl ester hydrolase (18:1), lipid particle",has_GPR,4,C_lp,YALI1E37982g or YALI1E00907g,"WATER,MNXM52466,MNXM741449,MNXM100005","h2o,—,ergst,—"
R1559,"episteryl ester hydrolase (16:1), lipid particle",has_GPR,4,C_lp,YALI1E00907g,"WATER,MNXM52369,MNXM100069,MNXM1370094","h2o,—,—,epist"
R1560,"episteryl ester hydrolase (18:1), lipid particle",has_GPR,4,C_lp,YALI1E00907g,"WATER,MNXM52367,MNXM100005,MNXM1370094","h2o,—,—,epist"
R1561,"fecosteryl ester hydrolase (16:1), lipid particle",has_GPR,4,C_lp,YALI1E00907g,"WATER,MNXM53171,MNXM100069,MNXM731707","h2o,—,—,fecost"
R1562,"fecosteryl ester hydrolase (18:1), lipid particle",has_GPR,4,C_lp,YALI1E00907g,"WATER,MNXM53170,MNXM100005,MNXM731707","h2o,—,—,fecost"
R1563,"lanosteryl ester hydrolase (16:1), lipid particle",has_GPR,4,C_lp,YALI1E00907g,"WATER,MNXM59727,MNXM100069,MNXM736942","h2o,—,—,lanost"
R1564,"lanosteryl ester hydrolase (18:1), lipid particle",has_GPR,4,C_lp,YALI1E00907g,"WATER,MNXM59726,MNXM100005,MNXM736942","h2o,—,—,lanost"
R1565,"zymosteryl ester hydrolase (16:1), lipid particle",has_GPR,4,C_lp,YALI1E00907g,"WATER,MNXM89473,MNXM100069,MNXM738369","h2o,—,—,zymst"
R1566,"zymosteryl ester hydrolase (18:1), lipid particle",has_GPR,4,C_lp,YALI1E00907g,"WATER,MNXM89472,MNXM100005,MNXM738369","h2o,—,—,zymst"
R1567,"zymosteryl ester hydrolase (16:1), cell envelope",has_GPR,4,C_en,YALI1E00907g,"WATER,MNXM89473,MNXM738369,MNXM100069","h2o,—,zymst,—"
R1568,"zymosteryl ester hydrolase (18:1), cell envelope",has_GPR,4,C_en,YALI1E00907g,"WATER,MNXM89472,MNXM738369,MNXM100005","h2o,—,zymst,—"
R1569,"laurate transport, cytoplasm-ER membrane",transport,2,"C_cy,C_em",,"MNXM100679,MNXM100679","—,—"
R1570,"myristate transport, cytoplasm-ER membrane",transport,2,"C_cy,C_em",,"MNXM100009,MNXM100009","—,—"
R1571,"palmitate transport, cytoplasm-ER membrane",transport,2,"C_cy,C_em",,"MNXM100228,MNXM100228","—,—"
R1572,"palmitoleate transport, cytoplasm-ER membrane",transport,2,"C_cy,C_em",,"MNXM100069,MNXM100069","—,—"
R1573,"stearate transport, cytoplasm-ER membrane",transport,2,"C_cy,C_em",,"MNXM100233,MNXM100233","—,—"
R1574,"oleate transport, cytoplasm-ER membrane",transport,2,"C_cy,C_em",,"MNXM100005,MNXM100005","—,—"
R1576,"lauroyl-CoA transport, cytoplasm-ER membrane",transport,2,"C_cy,C_em",,"MNXM734853,MNXM734853","—,—"
R1577,"myristoyl-CoA transport, cytoplasm-ER membrane",transport,2,"C_cy,C_em",,"MNXM1093407,MNXM1093407","myrstcoa,myrstcoa"
R1579,"palmitoleoyl-CoA transport, cytoplasm-ER membrane",transport,2,"C_cy,C_em",,"MNXM1108357,MNXM1108357","—,—"
R1581,"oleoyl-CoA transport, cytoplasm-ER membrane",transport,2,"C_cy,C_em",,"MNXM1511591,MNXM1511591","—,—"
R1582,"icosanoyl-CoA transport, cytoplasm-ER membrane",transport,2,"C_cy,C_em",,"—,—","—,—"
R1583,"docosanoyl-CoA transport, cytoplasm-ER membrane",transport,2,"C_cy,C_em",,"MNXM1092601,MNXM1092601","behencoa,behencoa"
R1585,"hexacosanoyl-CoA transport, cytoplasm-ER membrane",transport,2,"C_cy,C_em",,"MNXM1093160,MNXM1093160","hexcoa,hexcoa"
R1615,"sn-glycero-3-phosphocholine transport, ER membrane-cytoplasm",transport,2,"C_cy,C_em",,"—,—","—,—"
R1616,"hexadecanoate (n-C16:0) transport, cytoplasm-lipid particle",transport,2,"C_cy,C_lp",,"MNXM100228,MNXM100228","—,—"
R1617,"hexadecenoate (n-C16:1) transport, cytoplasm-lipid particle",transport,2,"C_cy,C_lp",,"MNXM100069,MNXM100069","—,—"
R1618,"octadecanoate (n-C18:0) transport, cytoplasm-lipid particle",transport,2,"C_cy,C_lp",,"MNXM100233,MNXM100233","—,—"
R1619,"octadecenoate (n-C18:1) transport, cytoplasm-lipid particle",transport,2,"C_cy,C_lp",,"MNXM100005,MNXM100005","—,—"
R1620,"lauroyl-CoA transport, cytoplasm-lipid particle",transport,2,"C_cy,C_lp",,"MNXM734853,MNXM734853","—,—"
R1621,"myristoyl-CoA transport, cytoplasm-lipid particle",transport,2,"C_cy,C_lp",,"MNXM1093407,MNXM1093407","myrstcoa,myrstcoa"
R1623,"palmitoleoyl-CoA transport, cytoplasm-lipid particle",transport,2,"C_cy,C_lp",,"MNXM1108357,MNXM1108357","—,—"
R1625,"oleoyl-CoA transport, cytoplasm-lipid particle",transport,2,"C_cy,C_lp",,"MNXM1511591,MNXM1511591","—,—"
R1635,"docosanoyl-CoA transport, lipid particle-cytoplasm",transport,2,"C_cy,C_lp",,"MNXM1092601,MNXM1092601","behencoa,behencoa"
R1637,"hexacosanoyl-CoA transport, lipid particle-cytoplasm",transport,2,"C_cy,C_lp",,"MNXM1093160,MNXM1093160","hexcoa,hexcoa"
R1643,"sn-glycero-3-phosphocholine transport, cell envelope-cytoplasm",transport,2,"C_cy,C_en",,"—,—","—,—"
R1645,"palmitate transport, cell envelope-cytoplasm",transport,2,"C_cy,C_en",,"MNXM100228,MNXM100228","—,—"
R1646,"palmitoleate transport, cell envelope-cytoplasm",transport,2,"C_cy,C_en",,"MNXM100069,MNXM100069","—,—"
R1647,"stearate transport, cell envelope-cytoplasm",transport,2,"C_cy,C_en",,"MNXM100233,MNXM100233","—,—"
R1648,"oleate transport, cell envelope-cytoplasm",transport,2,"C_cy,C_en",,"MNXM100005,MNXM100005","—,—"
R1649,"icosanoyl-CoA transport, cell envelope-cytoplasm",transport,2,"C_cy,C_en",,"—,—","—,—"
R1650,"docosanoyl-CoA transport, cell envelope-cytoplasm",transport,2,"C_cy,C_en",,"MNXM1092601,MNXM1092601","behencoa,behencoa"
R1652,"hexacosanoyl-CoA transport, cell envelope-cytoplasm",transport,2,"C_cy,C_en",,"MNXM1093160,MNXM1093160","hexcoa,hexcoa"
R1658,"carbon dioxide transport, cytoplasm-vacuolar membrane",transport,2,"C_cy,C_vm",,"MNXM13,MNXM13","co2,co2"
R1662,"carbon dioxide transport, cytoplasm-Golgi membrane",transport,2,"C_cy,C_gm",,"MNXM13,MNXM13","co2,co2"
R1666,"carbon dioxide transport, cytoplasm-mitochondrial membrane",transport,2,"C_cy,C_mm",,"MNXM13,MNXM13","co2,co2"
R1667,"palmitoleoyl-CoA transport, cytoplasm-mitochondrial membrane",transport,2,"C_cy,C_mm",,"MNXM1108357,MNXM1108357","—,—"
R1668,"oleoyl-CoA transport, cytoplasm-mitochondrial membrane",transport,2,"C_cy,C_mm",,"MNXM1511591,MNXM1511591","—,—"
R1669,"palmitate transport, mitochondrial membrane-cytoplasm",transport,2,"C_cy,C_mm",,"MNXM100228,MNXM100228","—,—"
R1670,"stearate transport, mitochondrial membrane-cytoplasm",transport,2,"C_cy,C_mm",,"MNXM100233,MNXM100233","—,—"
R1672,"laurate transport, ER membrane-lipid particle",transport,2,"C_em,C_lp",,"MNXM100679,MNXM100679","—,—"
R1673,"myristate transport, ER membrane-lipid particle",transport,2,"C_em,C_lp",,"MNXM100009,MNXM100009","—,—"
R1674,"lignoceric acid transport, ER membrane-lipid particle",transport,2,"C_em,C_lp",,"MNXM100400,MNXM100400","—,—"
R1675,"cerotic acid transport, ER membrane-lipid particle",transport,2,"C_em,C_lp",,"MNXM100479,MNXM100479","—,—"
R1680,"ergosteryl palmitoleate transport, ER membrane-lipid particle",transport,2,"C_em,C_lp",,"MNXM52467,MNXM52467","—,—"
R1681,"ergosteryl oleate transport, ER membrane-lipid particle",transport,2,"C_em,C_lp",,"MNXM52466,MNXM52466","—,—"
R1682,"episteryl palmitoleate transport, ER membrane-lipid particle",transport,2,"C_em,C_lp",,"MNXM52369,MNXM52369","—,—"
R1683,"episteryl oleate transport, ER membrane-lipid particle",transport,2,"C_em,C_lp",,"MNXM52367,MNXM52367","—,—"
R1684,"fecosteryl palmitoleate transport, ER membrane-lipid particle",transport,2,"C_em,C_lp",,"MNXM53171,MNXM53171","—,—"
R1685,"fecosteryl oleate transport, ER membrane-lipid particle",transport,2,"C_em,C_lp",,"MNXM53170,MNXM53170","—,—"
R1686,"lanosteryl palmitoleate transport, ER membrane-lipid particle",transport,2,"C_em,C_lp",,"MNXM59727,MNXM59727","—,—"
R1687,"lanosteryl oleate transport, ER membrane-lipid particle",transport,2,"C_em,C_lp",,"MNXM59726,MNXM59726","—,—"
R1688,"zymosteryl palmitoleate transport, ER membrane-lipid particle",transport,2,"C_em,C_lp",,"MNXM89473,MNXM89473","—,—"
R1689,"zymosteryl oleate transport, ER membrane-lipid particle",transport,2,"C_em,C_lp",,"MNXM89472,MNXM89472","—,—"
R1690,"lignoceric acid transport, cell envelope-ER membrane",transport,2,"C_em,C_en",,"MNXM100400,MNXM100400","—,—"
R1691,"cerotic acid transport, cell envelope-ER membrane",transport,2,"C_em,C_en",,"MNXM100479,MNXM100479","—,—"
R1692,"zymosteryl palmitoleate transport, ER membrane-cell envelope",transport,2,"C_em,C_en",,"MNXM89473,MNXM89473","—,—"
R1693,"zymosteryl oleate transport, ER membrane-cell envelope",transport,2,"C_em,C_en",,"MNXM89472,MNXM89472","—,—"
R1694,"lignoceric acid transport, ER membrane-ER",transport,2,"C_em,C_er",,"MNXM100400,MNXM100400","—,—"
R1695,"cerotic acid transport, ER membrane-ER",transport,2,"C_em,C_er",,"MNXM100479,MNXM100479","—,—"
R1704,"phosphatidyl-L-serine transport, ER membrane-cytoplasm",transport,2,"C_cy,C_em",,"MNXM1371412,MNXM1371412","—,—"
R1706,"phosphatidylethanolamine transport, ER membrane-cytoplasm",transport,2,"C_cy,C_em",,"MNXM1093921,MNXM1093921","pe_LM,pe_LM"
R1709,heme a transport,transport,2,"C_cy,C_mi",,"MNXM737850,MNXM737850","hemeA,hemeA"
R1710,yeast 8 biomass pseudoreaction,transport,64,"C_cy,C_en",,"MNXM165456,WATER,MNXM728294,MNXM432,MNXM1101285,MNXM1103302,MNXM3,MNXM1104823,MNXM741211,MNXM1106024,MNXM741232,MNXM741178,MNXM164570,MNXM1560576,MNXM729661,MNXM266,MNXM736654,MNXM257,MNXM738130,MNXM741207,—,MNXM741184,MNXM741220,MNXM741227,MNXM739508,MNXM741245,MNXM28,MNXM741198,MNXM732985,MNXM270,MNXM165150,—,MNXM741237,MNXM741201,MNXM741217,MNXM741268,MNXM733735,MNXM1108024,MNXM1092077,MNXM737850,MNXM1,MNXM9,MNXM40333,MNXM1091267,MNXM1091268,MNXM1091269,MNXM1091270,MNXM1091271,MNXM1091272,MNXM1091273,MNXM1091274,MNXM1091275,MNXM1091276,MNXM1091234,MNXM1091290,MNXM1091277,MNXM1091278,MNXM1091292,MNXM1091279,MNXM1091280,MNXM1091281,MNXM1091294,MNXM1091282,BIOMASS","16BDglcn,h2o,amp,damp,gmp,cmp,atp,ump,—,—,—,—,—,—,—,dcmp,dgmp,dtmp,glycogen,—,—,—,—,—,—,—,—,—,—,ribflv,—,—,—,—,—,—,—,—,LIPID,hemeA,h,pi,adp,—,—,—,—,—,—,—,—,—,—,—,—,—,—,—,—,—,—,—,—,—"
R1719,"lysoPI acyltransferase, ER membrane",has_GPR,4,C_em,YALI1F04157g,"MNXM1136895,—,MNXM1094981,MNXM1364164","—,—,—,—"
R1720,DAG kinase,has_GPR,5,C_em,YALI1F25444g,"MNXM1103718,MNXM1509522,MNXM1,MNXM1093594,MNXM1102191","ctp,—,h,pa_LM,cdp"
R1722,PGP phosphatase,has_GPR,4,C_mm,YALI1A13994g,"WATER,—,MNXM9,MNXM1107655","h2o,—,pi,—"
R1723,CL phospholipase,has_GPR,5,C_mm,YALI1D22083g,"WATER,MNXM1563931,MNXM1,—,MNXM739606","h2o,—,h,—,—"
R1724,MLCL:PC acyltransferase,has_GPR,4,C_mm,YALI1C19814g,"MNXM1093823,—,MNXM1107996,MNXM1563931","pc_TB,—,—,—"
R1727,"lysoPC acyltransferase, mitochondrial membrane",no_GPR,4,C_mm,,"MNXM1107996,MNXM1136895,MNXM1093823,MNXM1094981","—,—,pc_TB,—"
R1728,PE diacylglycerol acyltransferase,has_GPR,4,C_em,YALI1E20049g,"MNXM1093921,MNXM1509522,MNXM1564104,—","pe_LM,—,—,—"
R1729,PC diacylglycerol acyltransferase,has_GPR,4,C_em,YALI1E20049g,"MNXM1093823,MNXM1509522,MNXM1564104,MNXM1107996","pc_TB,—,—,—"
R1742,PG phospholipase C,has_GPR,5,C_mm,YALI1F11605g,"WATER,MNXM1107655,MNXM1,MNXM730002,MNXM1509522","h2o,—,h,—,—"
R1746,PI 3-P phosphatase,has_GPR,4,C_em,YALI1D07665g,"WATER,MNXM1105904,MNXM9,MNXM1364164","h2o,—,pi,—"
R1747,PI 3-P phosphatase,has_GPR,4,C_gm,YALI1D07665g,"WATER,MNXM1105904,MNXM9,MNXM1364164","h2o,—,pi,—"
R1750,PI 4-P phosphatase,has_GPR,4,C_em,YALI1D07665g,"WATER,MNXM1105932,MNXM9,MNXM1364164","h2o,—,pi,—"
R1751,PI 4-P phosphatase,has_GPR,4,C_gm,YALI1D07665g,"WATER,MNXM1105932,MNXM9,MNXM1364164","h2o,—,pi,—"
R1756,"PI 4,5-P2 phosphatase",has_GPR,4,C_em,YALI1F16045g,"WATER,MNXM1364194,MNXM9,MNXM1105932","h2o,—,pi,—"
R1757,"PI 3,5-P2 phosphatase",has_GPR,4,C_vm,YALI1E39248g and YALI1B29562g,"MNXM1106010,WATER,MNXM1105904,MNXM9","—,h2o,—,pi"
R1758,DGPP phosphatase,has_GPR,5,C_vm,YALI1B19107g,"WATER,MNXM733511,MNXM1,MNXM9,MNXM1093594","h2o,—,h,pi,pa_LM"
R1759,DGPP phosphatase,has_GPR,5,C_gm,YALI1B19107g,"WATER,MNXM733511,MNXM1,MNXM9,MNXM1093594","h2o,—,h,pi,pa_LM"
R1760,"lysoPA phosphatase, cytoplasm",has_GPR,4,C_cy,YALI1F34187g,"WATER,MNXM1091645,MNXM9,—","h2o,1ag3p,pi,—"
R1761,"lysoPA phosphatase, vacuolar membrane",has_GPR,4,C_vm,YALI1B19107g,"WATER,MNXM1091645,MNXM9,—","h2o,1ag3p,pi,—"
R1762,"lysoPA phosphatase, Golgi membrane",has_GPR,4,C_gm,YALI1B19107g,"WATER,MNXM1091645,MNXM9,—","h2o,1ag3p,pi,—"
R1764,"DAG lipase, mitochondrion",has_GPR,5,C_mi,YALI1E37118g,"WATER,MNXM1509522,MNXM1,—,MNXM739606","h2o,—,h,—,—"
R1765,MAG lipase,has_GPR,5,C_lp,YALI1C20224g,"WATER,—,MNXM1,MNXM89612,MNXM739606","h2o,—,h,glyc,—"
R1773,diacylglycerol pyrophosphate phosphatase,has_GPR,4,C_em,YALI1D35593g,"MNXM1093594,WATER,MNXM9,MNXM1509522","pa_LM,h2o,pi,—"
R1774,diacylglycerol pyrophosphate phosphatase,has_GPR,4,C_vm,YALI1B19107g,"WATER,MNXM1093594,MNXM9,MNXM1509522","h2o,pa_LM,pi,—"
R1775,diacylglycerol pyrophosphate phosphatase,has_GPR,4,C_gm,YALI1B19107g,"WATER,MNXM1093594,MNXM9,MNXM1509522","h2o,pa_LM,pi,—"
R1776,"diglyceride transport, cytoplasm-ER membrane",transport,2,"C_cy,C_em",,"MNXM1509522,MNXM1509522","—,—"
R1778,"diglyceride transport, cytoplasm-lipid particle",transport,2,"C_cy,C_lp",,"MNXM1509522,MNXM1509522","—,—"
R1779,"1-phosphatidyl-1D-myo-inositol 4,5-bisphosphate transport, cell envelope-cytoplasm",transport,2,"C_cy,C_en",,"MNXM1364194,MNXM1364194","—,—"
R1780,"1-phosphatidyl-1D-myo-inositol 4-phosphate transport, cell envelope-cytoplasm",transport,2,"C_cy,C_en",,"MNXM1105932,MNXM1105932","—,—"
R1781,"1-phosphatidyl-1D-myo-inositol 4,5-bisphosphate transport, nucleus-cytoplasm",transport,2,"C_cy,C_nu",,"MNXM1364194,MNXM1364194","—,—"
R1782,"diglyceride transport, nucleus-cytoplasm",transport,2,"C_cy,C_nu",,"MNXM1509522,MNXM1509522","—,—"
R1783,"1-phosphatidyl-1D-myo-inositol 3,5-bisphosphate transport, vacuolar membrane-cytoplasm",transport,2,"C_cy,C_vm",,"MNXM1106010,MNXM1106010","—,—"
R1784,"diglyceride transport, mitochondrial membrane-cytoplasm",transport,2,"C_cy,C_mm",,"MNXM1509522,MNXM1509522","—,—"
R1787,"phosphatidylethanolamine transport, ER membrane-lipid particle",transport,2,"C_em,C_lp",,"MNXM1093921,MNXM1093921","pe_LM,pe_LM"
R1788,"1-acylglycerophosphocholine transport, ER membrane-lipid particle",transport,2,"C_em,C_lp",,"MNXM1107996,MNXM1107996","—,—"
R1789,"1-acylglycerophosphoethanolamine transport, ER membrane-lipid particle",transport,2,"C_em,C_lp",,"—,—","—,—"
R1790,"phosphatidate transport, lipid particle-ER membrane",transport,2,"C_em,C_lp",,"MNXM1093594,MNXM1093594","pa_LM,pa_LM"
R1791,"phosphatidate transport, ER membrane-mitochondrial membrane",transport,2,"C_em,C_mm",,"MNXM1093594,MNXM1093594","pa_LM,pa_LM"
R1792,"phosphatidyl-L-serine transport, ER membrane-mitochondrial membrane",transport,2,"C_em,C_mm",,"MNXM1371412,MNXM1371412","—,—"
R1793,"phosphatidylethanolamine transport, mitochondrial membrane-ER membrane",transport,2,"C_em,C_mm",,"MNXM1093921,MNXM1093921","pe_LM,pe_LM"
R1795,"diglyceride transport, ER membrane-Golgi membrane",transport,2,"C_em,C_gm",,"MNXM1509522,MNXM1509522","—,—"
R1796,"phosphatidate transport, ER membrane-Golgi membrane",transport,2,"C_em,C_gm",,"MNXM1093594,MNXM1093594","pa_LM,pa_LM"
R1798,"phosphatidyl-L-serine transport, ER membrane-Golgi membrane",transport,2,"C_em,C_gm",,"MNXM1371412,MNXM1371412","—,—"
R1799,"phosphatidylethanolamine transport, Golgi membrane-ER membrane",transport,2,"C_em,C_gm",,"MNXM1093921,MNXM1093921","pe_LM,pe_LM"
R1800,"phosphatidate transport, ER membrane-vacuolar membrane",transport,2,"C_em,C_vm",,"MNXM1093594,MNXM1093594","pa_LM,pa_LM"
R1802,"phosphatidyl-L-serine transport, ER membrane-vacuolar membrane",transport,2,"C_em,C_vm",,"MNXM1371412,MNXM1371412","—,—"
R1803,"phosphatidylethanolamine transport, vacuolar membrane-ER membrane",transport,2,"C_em,C_vm",,"MNXM1093921,MNXM1093921","pe_LM,pe_LM"
R1804,"1-phosphatidyl-1D-myo-inositol 3-phosphate transport, vacuolar membrane-ER membrane",transport,2,"C_em,C_vm",,"MNXM1105904,MNXM1105904","—,—"
R1807,"phosphatidylethanolamine transport, ER membrane-cell envelope",transport,2,"C_em,C_en",,"MNXM1093921,MNXM1093921","pe_LM,pe_LM"
R1808,"phosphatidyl-L-serine transport, ER membrane-cell envelope",transport,2,"C_em,C_en",,"MNXM1371412,MNXM1371412","—,—"
R1809,"phosphatidate transport, cell envelope-ER membrane",transport,2,"C_em,C_en",,"MNXM1093594,MNXM1093594","pa_LM,pa_LM"
R1810,"1-phosphatidyl-1D-myo-inositol 4-phosphate transport, cell envelope-ER membrane",transport,2,"C_em,C_en",,"MNXM1105932,MNXM1105932","—,—"
R1811,"1-phosphatidyl-1D-myo-inositol 4,5-bisphosphate transport, cell envelope-ER membrane",transport,2,"C_em,C_en",,"MNXM1364194,MNXM1364194","—,—"
R1813,"1-phosphatidyl-1D-myo-inositol 3-phosphate transport, vacuolar membrane-Golgi membrane",transport,2,"C_gm,C_vm",,"MNXM1105904,MNXM1105904","—,—"
R1814,"1-phosphatidyl-1D-myo-inositol 3,5-bisphosphate transport, vacuolar membrane-cell envelope",transport,2,"C_en,C_vm",,"MNXM1106010,MNXM1106010","—,—"
R1815,inositolphosphotransferase,transport,4,"C_gm,C_go",YALI1E19647g,"MNXM158006,MNXM1364164,MNXM157598,MNXM1509522","—,—,—,—"
R1816,inositolphosphotransferase,transport,4,"C_gm,C_go",YALI1E19647g,"MNXM106432,MNXM1364164,MNXM57454,MNXM1509522","—,—,—,—"
R1817,inositolphosphotransferase,transport,4,"C_gm,C_go",YALI1E19647g,"MNXM157996,MNXM1364164,MNXM57463,MNXM1509522","—,—,—,—"
R1818,inositolphosphotransferase,transport,4,"C_gm,C_go",YALI1E19647g,"MNXM157997,MNXM1364164,MNXM57453,MNXM1509522","—,—,—,—"
R1819,inositolphosphotransferase,transport,4,"C_gm,C_go",YALI1E19647g,"MNXM157996,MNXM1364164,MNXM57470,MNXM1509522","—,—,—,—"
R1820,inositolphosphotransferase,transport,4,"C_gm,C_go",YALI1E19647g,"MNXM157997,MNXM1364164,MNXM57453,MNXM1509522","—,—,—,—"
R1821,inositolphosphotransferase,transport,4,"C_gm,C_go",YALI1E19647g,"MNXM61065,MNXM1364164,MNXM57468,MNXM1509522","—,—,—,—"
R1822,inositolphosphotransferase,transport,4,"C_gm,C_go",YALI1E19647g,"MNXM61055,MNXM1364164,MNXM156797,MNXM1509522","—,—,—,—"
R1823,inositolphosphotransferase,transport,4,"C_gm,C_go",YALI1E19647g,"MNXM531687,MNXM1364164,MNXM57467,MNXM1509522","—,—,—,—"
R1824,inositolphosphotransferase,transport,4,"C_gm,C_go",YALI1E19647g,"MNXM61054,MNXM1364164,MNXM57457,MNXM1509522","—,—,—,—"
R1825,IPC synthase,transport,4,"C_gm,C_go",YALI1E19647g,"—,MNXM1364164,MNXM1509522,—","—,—,—,—"
R1826,IPC synthase,transport,4,"C_gm,C_go",YALI1E19647g,"—,MNXM1364164,MNXM1509522,—","—,—,—,—"
R1827,IPC synthase,transport,4,"C_gm,C_go",YALI1E19647g,"—,MNXM1364164,MNXM1509522,—","—,—,—,—"
R1828,IPC synthase,transport,4,"C_gm,C_go",YALI1E19647g,"—,MNXM1364164,MNXM1509522,—","—,—,—,—"
R1829,IPC synthase,transport,4,"C_gm,C_go",YALI1E19647g,"MNXM1513336,MNXM1364164,MNXM1509522,—","—,—,—,—"
R1830,IPC synthase,transport,4,"C_gm,C_go",YALI1E19647g,"MNXM1513336,MNXM1364164,MNXM1509522,—","—,—,—,—"
R1831,IPC synthase,transport,4,"C_gm,C_go",YALI1E19647g,"—,MNXM1364164,MNXM1509522,—","—,—,—,—"
R1832,IPC synthase,transport,4,"C_gm,C_go",YALI1E19647g,"—,MNXM1364164,MNXM1509522,—","—,—,—,—"
R1833,IPC synthase,transport,4,"C_gm,C_go",YALI1E19647g,"—,MNXM1364164,MNXM1509522,—","—,—,—,—"
R1834,IPC synthase,transport,4,"C_gm,C_go",YALI1E19647g,"—,MNXM1364164,MNXM1509522,—","—,—,—,—"
R1843,1-acyl-sn-gylcerol-3-phosphate acyltransferase,has_GPR,4,C_em,YALI1E22736g or YALI1F25951g,"MNXM1136895,MNXM1091645,MNXM1094981,MNXM1093594","—,1ag3p,—,pa_LM"
xLIPID,Lipids pool,transport,12,"C_cy,C_em,C_lp,C_mm",,"MNXM741449,MNXM52467,MNXM52466,MNXM1371412,MNXM1564104,MNXM739606,MNXM1364164,MNXM1563931,MNXM1093921,MNXM1093823,MNXM1093594,MNXM96591","ergst,—,—,—,—,—,—,—,pe_LM,pc_TB,pa_LM,—"
xMAINTENANCE,Non-growth associated maintenance (NGAM),no_GPR,4,C_cy,,"MNXM3,WATER,MNXM9,MNXM40333","atp,h2o,pi,adp"
xPOOL_AC_EM,Acyl-CoAs pool,no_GPR,7,C_em,,"MNXM1511591,MNXM734853,MNXM1093407,MNXM1093693,MNXM1094143,MNXM1104352,MNXM1136895","—,—,myrstcoa,palmcoa,srcoa,ocdccoa,—"
xPOOL_AC_LP,Acyl-CoAs pool,no_GPR,7,C_lp,,"MNXM734853,MNXM1093407,MNXM1093693,MNXM1094143,MNXM1511591,MNXM1104352,MNXM1136895","—,myrstcoa,palmcoa,srcoa,—,ocdccoa,—"
xPOOL_AC_MM,Acyl-CoAs pool,no_GPR,7,C_mm,,"MNXM1511591,MNXM734853,MNXM1093407,MNXM1093693,MNXM1094143,MNXM1104352,MNXM1136895","—,—,myrstcoa,palmcoa,srcoa,ocdccoa,—"
xPOOL_FA_EM,Fatty acids pool,no_GPR,7,C_em,,"MNXM100679,MNXM100009,MNXM100228,MNXM100233,MNXM100005,MNXM100135,MNXM739606","—,—,—,—,—,—,—"
xPOOL_FA_EN,Fatty acids pool,no_GPR,7,C_en,,"MNXM100005,MNXM100228,MNXM100233,MNXM100679,MNXM100009,MNXM100135,MNXM739606","—,—,—,—,—,—,—"
xPOOL_FA_LP,Fatty acids pool,no_GPR,7,C_lp,,"MNXM100679,MNXM100009,MNXM100228,MNXM100233,MNXM100005,MNXM100135,MNXM739606","—,—,—,—,—,—,—"
xPOOL_FA_MI,Fatty acids pool,no_GPR,7,C_mi,,"MNXM100679,MNXM100009,MNXM100228,MNXM100233,MNXM100005,MNXM100135,MNXM739606","—,—,—,—,—,—,—"
xPOOL_FA_MM,Fatty acids pool,no_GPR,7,C_mm,,"MNXM100228,MNXM100233,MNXM100679,MNXM100009,MNXM100005,MNXM100135,MNXM739606","—,—,—,—,—,—,—"
R1861,decane transport e--c,transport,2,"C_cy,C_ex",YALI1B03910g or YALI1C28310g,"MNXM724551,MNXM724551","—,—"
R1862,hexadecane transport e--c,transport,2,"C_cy,C_ex",YALI1B03910g or YALI1C28310g,"MNXM724803,MNXM724803","—,—"
R1863,alkane oxidase (C10),has_GPR,7,C_cy,YALI1E30815g or YALI1B18311g,"MNXM1,MNXM738702,MNXM735438,MNXM724551,WATER,MNXM5,MNXM1564569","h,nadph,o2,—,h2o,nadp,—"
R1865,alkane oxidase (C12),has_GPR,7,C_cy,YALI1B02833g or YALI1B18311g,"MNXM1,MNXM738702,MNXM735438,MNXM724619,WATER,MNXM5,MNXM51467","h,nadph,o2,—,h2o,nadp,—"
R1867,alkane oxidase (C16),has_GPR,7,C_cy,YALI1B02833g or YALI1B18311g or YALI1F02132g,"MNXM1,MNXM738702,MNXM735438,MNXM724803,WATER,MNXM5,MNXM1564591","h,nadph,o2,—,h2o,nadp,—"
R1870,"fatty-acid--CoA ligase (octadecadienoate), ER membrane",has_GPR,6,C_em,YALI1D22124g,"MNXM1094981,MNXM3,MNXM100135,MNXM11,MNXM728294,MNXM1104352","—,atp,—,ppi,amp,ocdccoa"
R1871,"fatty-acid--CoA ligase (octadecadienoate), lipid particle",has_GPR,6,C_lp,YALI1D22124g,"MNXM1094981,MNXM3,MNXM100135,MNXM11,MNXM728294,MNXM1104352","—,atp,—,ppi,amp,ocdccoa"
R1872,"fatty-acid--CoA ligase (octadecadienoate), peroxisome",has_GPR,6,C_pe,YALI1E19172g,"MNXM1094981,MNXM3,MNXM100135,MNXM728294,MNXM11,MNXM1104352","—,atp,—,amp,ppi,ocdccoa"
R1873,peroxisomal acyl-CoA thioesterase (18:2),has_GPR,4,C_pe,YALI1F19697g,"WATER,MNXM1104352,MNXM1094981,MNXM100135","h2o,ocdccoa,—,—"
R1876,octadecenoate (n-C18:1) transport,transport,2,"C_cy,C_ex",,"MNXM100135,MNXM100135","—,—"
R1877,"octadecenoate (n-C18:1) transport, cytoplasm-peroxisome",transport,2,"C_cy,C_pe",YALI1C05386g,"MNXM100135,MNXM100135","—,—"
R1881,dodecane transport e--c,transport,2,"C_cy,C_ex",YALI1B03910g or YALI1C28310g,"MNXM724619,MNXM724619","—,—"
R1888,octadecenoate (n-C18:1) transport,transport,2,"C_cy,C_lp",,"MNXM100135,MNXM100135","—,—"
R1889,NADH dehydrogenase (complex I),transport,6,"C_cy,C_mi",,"MNXM1,MNXM10,MNXM1371360,MNXM1,MNXM64096,MNXM5319","h,nadh,—,h,—,q6h2"
R1898,fatty-acid--CoA ligase (butyrate),has_GPR,6,C_pe,YALI1E19172g,"MNXM1094981,MNXM3,—,MNXM728294,MNXM11,MNXM1092625","—,atp,—,amp,ppi,butcoa"
R1904,nucleotidase (NMN),has_GPR,5,C_cy,YALI1A07887g or YALI1C27229g,"WATER,—,MNXM1,MNXM9,MNXM1101283","h2o,—,h,pi,rnam"
R1905,nucleotidase (nicotinate D-ribonucleotide),has_GPR,4,C_cy,YALI1A07887g or YALI1C27229g,"WATER,MNXM1511369,MNXM9,—","h2o,—,pi,—"
R1906,nicotinate riboside kinase,has_GPR,5,C_cy,YALI1B19348g,"MNXM3,—,MNXM1,MNXM40333,MNXM1511369","atp,—,h,adp,—"
R1961,erythrose kinase,no_GPR,4,C_cy,,"MNXM258,MNXM40333,MNXM3,MNXM737003","e4p,adp,atp,—"
R1962,erythrose reductase,no_GPR,5,C_cy,,"MNXM1,MNXM10,MNXM737003,MNXM64096,MNXM1371602","h,nadh,—,—,—"
R1971,3-methylbutanoyl-CoA dehydrogenase;,has_GPR,4,C_mi,YALI0D12573g,"MNXM1364149,MNXM1363975,MNXM1105762,MNXM1363972","fad,ivcoa,fadh2,—"
R1972,3-methylcrotonyl-CoA carboxylase,has_GPR,7,C_mi,YALI1B19217g,"MNXM3,MNXM1094693,MNXM1363972,MNXM1,MNXM9,MNXM40333,MNXM1364679","atp,h2co3,—,h,pi,adp,—"
R1975,2-oxoadipate dehydrogenase,has_GPR,7,C_mi,YALI1F31153g,"MNXM64096,MNXM1094981,MNXM263,MNXM1,MNXM10,MNXM13,MNXM1092999","—,—,2oxoadp,h,nadh,co2,gcoa"
R1977,FAD:ubiquinone oxidoreductase,has_GPR,4,C_mi,YALI1F31153g,"MNXM1371360,MNXM1105762,MNXM5319,MNXM1364149","—,fadh2,q6h2,fad"
R1985,Palatinose hydrolase,no_GPR,4,C_ex,,"WATER,MNXM588664,MNXM1364061,MNXM1363862","h2o,—,glc__D,—"
R1993,D-glucosamine transport via diffusion,transport,2,"C_cy,C_ex",,"MNXM735657,MNXM735657","—,—"
R2005,3-oxalomalate(3-) exchange,exchange,1,C_ex,,MNXM3850,—
R2018,Gly-Asp exchange,exchange,1,C_ex,,—,—
R2021,cytosol nonspecific dipeptidase,no_GPR,4,C_va,,"WATER,—,MNXM1364497,MNXM12053","h2o,—,asp__L,—"
R2026,Gly-Glu exchange,exchange,1,C_ex,,—,—
R2029,cytosol nonspecific dipeptidase,no_GPR,4,C_va,,"WATER,—,MNXM741173,MNXM12053","h2o,—,glu__L,—"
R2030,Glycine transport (vacuole),transport,4,"C_cy,C_va",,"MNXM1,MNXM12053,MNXM1,MNXM12053","h,—,h,—"
R2031,Ala-Gly exchange,exchange,1,C_ex,,—,—
R2034,cytosol nonspecific dipeptidase,no_GPR,4,C_va,,"WATER,—,MNXM12053,MNXM1105732","h2o,—,—,ala__L"
R2036,Gly-Pro exchange,exchange,1,C_ex,,—,—
R2039,cytosol nonspecific dipeptidase,no_GPR,4,C_va,,"WATER,—,MNXM12053,MNXM114","h2o,—,—,pro__L"
R2040,proline transport (vacuole),transport,4,"C_cy,C_va",,"MNXM1,MNXM114,MNXM1,MNXM114","h,pro__L,h,pro__L"
R2043,acyl-CoA synthetase (hexanoate),has_GPR,7,C_pe,YALI1E19172g,"MNXM1094981,MNXM3,MNXM1653,MNXM1,MNXM728294,MNXM11,MNXM1103616","—,atp,caproic,h,amp,ppi,hxcoa"
R2046,Reaction,has_GPR,3,C_go,YALIUNK4,"MNXM1104188,MNXM159904,MNXM157996","gdpmann,—,—"
R2048,Reaction,has_GPR,5,C_go,YALIUNK3,"MNXM157996,MNXM1364687,MNXM1,MNXM57463,WATER","—,mi1p__D,h,—,h2o"
R2053,phosphatidyl-L-serine transport,transport,2,"C_cy,C_gm",YALI1E05004g,"MNXM1371412,MNXM1371412","—,—"
R2056,L-lysine transport,transport,3,"C_cy,C_va",YALI1F35690g or YALI1D29523g or YALI1E21478g,"MNXM1364268,MNXM1,MNXM1364268","lys__L,h,lys__L"
R2057,UDP-D-galactose transport,transport,2,"C_cy,C_go",YALI1E27113g,"MNXM741191,MNXM741191","—,—"
R2058,glyoxylate/hydroxypyruvate reductase,has_GPR,2,C_cy,YALI1C15526g,"—,MNXM55297","—,—"
R2060,Magnesium transport,transport,2,"C_cy,C_ex",YALI1B15440g,"MNXM60936,MNXM60936","—,—"
R2061,Magnesium exchange,exchange,1,C_ex,,MNXM60936,—
R2064,4-aminobutanal:NAD+ 1-oxidoreductase; 4-aminobutyraldehyde:NAD+ oxidoreductase,has_GPR,6,C_cy,YALI1B02194g or YALI1C04093g or YALI1E00588g or YALI1F31215g,"WATER,MNXM64096,—,MNXM1,MNXM10,MNXM192","h2o,—,—,h,nadh,4abut"
R2076,NO NAME,no_GPR,5,C_cy,,"MNXM1094981,MNXM1572,MNXM1,WATER,MNXM738783","—,HC00900,h,h2o,mmcoa__R"
R2077,Succinyl-CoA transport,transport,3,"C_cy,C_mi",,"MNXM1104774,MNXM1104774,MNXM1","succoa,succoa,h"
R2083,3-Methylcrotonyl-CoA transport,transport,2,"C_cy,C_mi",,"MNXM1363972,MNXM1363972","—,—"
R2084,3-Methylbutanoyl-CoA transport,transport,3,"C_cy,C_mi",,"MNXM1363975,MNXM1363975,MNXM1","ivcoa,ivcoa,h"
R2091,Glyceron phosphate transport,transport,2,"C_cy,C_em",,"MNXM731567,—","—,—"
R2101,Dolichyl phosphate D-mannose transport,transport,2,"C_cy,C_er",,"MNXM1106058,MNXM2667","—,dolmanp_U"
R2107,UDP-N-acetyl-alpha-D-glucosamine transport,transport,2,"C_cy,C_er",,"MNXM736712,MNXM736712","—,—"
R2110,UMP transport,transport,3,"C_cy,C_er",,"MNXM1104823,MNXM1104823,MNXM1","ump,ump,h"
R2118,2-Methylpropanoyl-CoA transport,transport,3,"C_cy,C_mi",,"MNXM1104531,MNXM1104531,MNXM1","ibcoa,ibcoa,h"
R2125,Sphinganine transport,transport,3,"C_cy,C_er",,"MNXM733692,MNXM1,MNXM733692","sphgn,h,sphgn"
R2126,Ceramide-1 (Sphinganine:n-C26:0) transport,transport,2,"C_cy,C_er",,"MNXM1513336,MNXM2987","—,cer1_26"
R2128,Ceramide-1 (Sphinganine:n-C24:0) transport,transport,2,"C_cy,C_er",,"MNXM1513336,MNXM2986","—,cer1_24"
R2130,Phytosphingosine transport,transport,2,"C_cy,C_er",,"MNXM1104920,MNXM1104920","psphings,psphings"
R2135,AC-CoA transport,transport,2,"C_cy,C_er",,"MNXM1104266,MNXM1136895","accoa,—"
R2139,UDP-glucose transport,transport,2,"C_cy,C_er",,"—,MNXM739642","—,—"
R2144,phosphatidate transport,transport,2,"C_cy,C_em",,"MNXM1093594,MNXM1093594","pa_LM,pa_LM"
R2147,mannosylinositol phosphorylceramide A (C24)_C54H106NO16P transport,transport,2,"C_cy,C_er",,"MNXM158006,MNXM158006","—,—"
R2150,mannosylinositol phosphorylceramide A (C26)_C56H110NO16P transport,transport,2,"C_cy,C_er",,"MNXM106432,MNXM106432","—,—"
R2153,mannosylinositol phosphorylceramide B (C24)_C54H106NO17P transport,transport,2,"C_cy,C_er",,"MNXM157996,MNXM157996","—,—"
R2156,mannosylinositol phosphorylceramide B (C26)_C56H110NO17P transport,transport,2,"C_cy,C_er",,"MNXM157997,MNXM157997","—,—"
R2158,Ceramide-3 (Phytosphingosine:n-C24:0OH) trasnport,transport,2,"C_cy,C_er",,"—,MNXM5080","—,cer3_24"
R2160,mannosylinositol phosphorylceramide C (C24)_C54H106NO18P transport,transport,2,"C_cy,C_er",,"MNXM61065,MNXM61065","—,—"
R2163,mannosylinositol phosphorylceramide C (C26)_C56H110NO18P transport,transport,2,"C_cy,C_er",,"MNXM61055,MNXM61055","—,—"
R2164,Ceramide-3 (Phytosphingosine:n-C26:0OH)transport,transport,2,"C_cy,C_er",,"—,MNXM5081","—,cer3_26"
R2165,Triacyglycerol synthesis,has_GPR,11,C_cy,YALI1D10264g,"MNXM1093693,MNXM1094143,MNXM734853,MNXM1093407,MNXM1511591,MNXM1104352,MNXM1091588,MNXM56353,MNXM1092836,MNXM1094981,MNXM1564104","palmcoa,srcoa,—,myrstcoa,—,ocdccoa,12dgr_TB,—,dcacoa,—,—"
R2167,Decanoyl-CoA transport,transport,3,"C_cy,C_mm",,"MNXM1092836,MNXM1,MNXM1092836","dcacoa,h,dcacoa"
R2169,"1,2-Diacyl-sn-glycerol transport",transport,2,"C_cy,C_er",,"MNXM1091588,MNXM1091588","12dgr_TB,12dgr_TB"
R2178,NO NAME,no_GPR,5,C_cy,,"MNXM735438,MNXM148196,WATER,MNXM13,MNXM726930","o2,dedoldp,h2o,co2,—"
R2182,Dolichyl diphosphate transport,transport,2,"C_cy,C_er",,"MNXM726930,MNXM726930","—,—"
R2191,NO NAME,has_GPR,7,C_cy,YALI1F05415g,"MNXM1,MNXM735438,MNXM10,MNXM1095022,WATER,MNXM64096,MNXM2160","h,o2,nadh,—,h2o,—,2hyoxplac"
R2197,NO NAME,no_GPR,5,C_cy,,"WATER,MNXM1094132,MNXM23,MNXM1,MNXM726340","h2o,spyr,pyr,h,—"
R2205,glycine:oxygen oxidoreductase;Aminoacetic acid:oxygen oxidoreductase,has_GPR,6,C_cy,YALI1F39058g,"WATER,MNXM735438,MNXM12053,MNXM1227817,MNXM69,MNXM732620","h2o,o2,—,—,glx,h2o2"
R2208,Indole_3_acetonitrile exchange,exchange,1,C_ex,,—,—
R2209,Indole_3_acetonitrile transport,transport,2,"C_cy,C_ex",,"—,—","—,—"
R2211,alpha_Aminopropiononitrile exchange,exchange,1,C_ex,,—,—
R2212,alpha_Aminopropiononitrile transport,transport,2,"C_cy,C_ex",,"—,—","—,—"
R2214,gamma_Amino_gamma_cyanobutanoate exchange,exchange,1,C_ex,,—,—
R2215,gamma_Amino_gamma_cyanobutanoate transport,transport,2,"C_cy,C_ex",,"—,—","—,—"
R2244,S_Adenosyl_L_methionine transport,transport,3,"C_cy,C_em",,"MNXM1363767,MNXM1363767,MNXM1","amet,amet,h"
R2269,Acetate transport,transport,3,"C_cy,C_pe",,"MNXM26,MNXM1,MNXM26","ac,h,ac"
R2272,hexadecane exchange,exchange,1,C_ex,,MNXM724803,—
R2273,triolein exchange,exchange,1,C_ex,,—,—
R2274,triolein hydrolysis,no_GPR,3,C_ex,,"—,MNXM89612,MNXM100005","—,glyc,—"
R2275,tributyrin exchange,exchange,1,C_ex,,—,—
R2276,D-Limonene synthase,no_GPR,2,C_cy,,"MNXM12708,—","—,—"
R2277,D-Limonene transport,transport,2,"C_cy,C_ex",,"—,—","—,—"
R2278,D-Limonene exchange,exchange,1,C_ex,,—,—
R2279,3-dehydroshikimate transport,transport,3,"C_cy,C_ex",,"MNXM611,MNXM611,MNXM1","3dhsk,3dhsk,h"
R2280,3-dehydroshikimate exchange,exchange,1,C_ex,,MNXM611,3dhsk
newBiom,newBiom,transport,47,"C_cy,C_em,C_lp",,"WATER,MNXM741173,MNXM738804,MNXM728294,MNXM432,MNXM1101285,MNXM1103302,MNXM1105732,MNXM37,MNXM3,MNXM1104823,MNXM1364497,MNXM12053,MNXM1106024,MNXM739527,MNXM1107821,MNXM738369,MNXM737787,MNXM738068,MNXM266,MNXM736654,MNXM257,MNXM738130,MNXM1107769,MNXM728337,MNXM114,MNXM142,MNXM741553,MNXM1106761,MNXM1364268,MNXM741664,—,MNXM76,MNXM741449,MNXM199,MNXM733735,MNXM1108024,MNXM1371412,MNXM1564104,MNXM1364164,MNXM1093921,MNXM1093823,MNXM1093594,MNXM1,MNXM9,MNXM40333,BIOMASS","h2o,glu__L,met__L,amp,damp,gmp,cmp,ala__L,gln__L,atp,ump,asp__L,—,—,arg__L,asn__L,zymst,ser__L,cys__L,dcmp,dgmp,dtmp,glycogen,his__L,ile__L,pro__L,thr__L,trp__L,leu__L,lys__L,phe__L,—,tyr__L,ergst,val__L,—,—,—,—,—,pe_LM,pc_TB,pa_LM,h,pi,adp,—"
biomass_C,biomass_C,transport,47,"C_cy,C_em,C_lp",,"WATER,MNXM741173,MNXM738804,MNXM728294,MNXM432,MNXM1101285,MNXM1103302,MNXM1105732,MNXM37,MNXM3,MNXM1104823,MNXM1364497,MNXM12053,MNXM1106024,MNXM739527,MNXM1107821,MNXM738369,MNXM1560576,MNXM737787,MNXM738068,MNXM266,MNXM736654,MNXM257,MNXM1107769,MNXM728337,MNXM114,MNXM142,MNXM741553,MNXM1106761,MNXM1364268,MNXM741664,—,MNXM76,MNXM741449,MNXM199,MNXM733735,MNXM1108024,MNXM1371412,MNXM1564104,MNXM1364164,MNXM1093921,MNXM1093823,MNXM1093594,MNXM1,MNXM9,MNXM40333,BIOMASS","h2o,glu__L,met__L,amp,damp,gmp,cmp,ala__L,gln__L,atp,ump,asp__L,—,—,arg__L,asn__L,zymst,—,ser__L,cys__L,dcmp,dgmp,dtmp,his__L,ile__L,pro__L,thr__L,trp__L,leu__L,lys__L,phe__L,—,tyr__L,ergst,val__L,—,—,—,—,—,pe_LM,pc_TB,pa_LM,h,pi,adp,—"
